timestamp,load
2024-01-01 00:00:00,1014.901424590337
2024-01-01 01:00:00,1047.6158799853686
2024-01-01 02:00:00,1119.4306561430208
2024-01-01 03:00:00,1187.1122519295502
2024-01-01 04:00:00,1166.1804795151877
2024-01-01 05:00:00,1186.1610565493381
2024-01-01 06:00:00,1247.3763844652217
2024-01-01 07:00:00,1216.208207132401
2024-01-01 08:00:00,1159.1208491788393
2024-01-01 09:00:00,1157.6981575448885
2024-01-01 10:00:00,1086.0974692156262
2024-01-01 11:00:00,1037.7919164133964
2024-01-01 12:00:00,1007.2588681469811
2024-01-01 13:00:00,890.8377836397619
2024-01-01 14:00:00,848.252465024609
2024-01-01 15:00:00,841.7100178854614
2024-01-01 16:00:00,796.4099856330796
2024-01-01 17:00:00,816.2422547200446
2024-01-01 18:00:00,772.7592777343636
2024-01-01 19:00:00,764.4457237021276
2024-01-01 20:00:00,870.764382310759
2024-01-01 21:00:00,851.8053547480944
2024-01-01 22:00:00,902.0258461406376
2024-01-01 23:00:00,905.4937453930919
2024-01-02 00:00:00,983.6685182642445
2024-01-02 01:00:00,1055.0914867118001
2024-01-02 02:00:00,1065.470192677331
2024-01-02 03:00:00,1152.6922967876797
2024-01-02 04:00:00,1155.1859200593237
2024-01-02 05:00:00,1184.4343527640153
2024-01-02 06:00:00,1181.9488016331181
2024-01-02 07:00:00,1248.753510793082
2024-01-02 08:00:00,1172.8001640147497
2024-01-02 09:00:00,1109.6900283686325
2024-01-02 10:00:00,1124.6763473630956
2024-01-02 11:00:00,1015.1384995213734
2024-01-02 12:00:00,1006.2659078501426
2024-01-02 13:00:00,889.4460872631026
2024-01-02 14:00:00,860.1544185330471
2024-01-02 15:00:00,864.4844808387643
2024-01-02 16:00:00,848.9489166429746
2024-01-02 17:00:00,811.9558831778854
2024-01-02 18:00:00,796.5305515283528
2024-01-02 19:00:00,797.7817238745076
2024-01-02 20:00:00,782.4392595320895
2024-01-02 21:00:00,836.9833175108492
2024-01-02 22:00:00,886.1808368712062
2024-01-02 23:00:00,979.9498577660631
2024-01-03 00:00:00,1010.3085486870539
2024-01-03 01:00:00,998.8726043596221
2024-01-03 02:00:00,1109.7225190818438
2024-01-03 03:00:00,1129.86888782482
2024-01-03 04:00:00,1152.897420747709
2024-01-03 05:00:00,1211.5354539230398
2024-01-03 06:00:00,1230.9299856748785
2024-01-03 07:00:00,1221.1235688312995
2024-01-03 08:00:00,1148.0285550602086
2024-01-03 09:00:00,1132.1449849617732
2024-01-03 10:00:00,1109.937902942107
2024-01-03 11:00:00,1081.030162834175
2024-01-03 12:00:00,985.6247728646413
2024-01-03 13:00:00,942.6664216795814
2024-01-03 14:00:00,866.8099507798191
2024-01-03 15:00:00,822.6924450402705
2024-01-03 16:00:00,851.1706939149383
2024-01-03 17:00:00,847.5020355993111
2024-01-03 18:00:00,797.83969635259
2024-01-03 19:00:00,836.920821678947
2024-01-03 20:00:00,837.6439999945413
2024-01-03 21:00:00,839.2250511245368
2024-01-03 22:00:00,910.8418681652523
2024-01-03 23:00:00,994.3772879734747
2024-01-04 00:00:00,998.9252188267014
2024-01-04 01:00:00,1098.7031186949243
2024-01-04 02:00:00,1021.4076468773077
2024-01-04 03:00:00,1166.0784313685663
2024-01-04 04:00:00,1175.816492804033
2024-01-04 05:00:00,1184.2149447438376
2024-01-04 06:00:00,1202.7528232960651
2024-01-04 07:00:00,1133.5580978197868
2024-01-04 08:00:00,1166.6149241217624
2024-01-04 09:00:00,1152.1347333826618
2024-01-04 10:00:00,1144.3368213422455
2024-01-04 11:00:00,1036.2157024722947
2024-01-04 12:00:00,975.7451919132044
2024-01-04 13:00:00,933.1834796719597
2024-01-04 14:00:00,927.4620635310622
2024-01-04 15:00:00,868.4411770524812
2024-01-04 16:00:00,810.9021131301012
2024-01-04 17:00:00,822.212857735587
2024-01-04 18:00:00,802.9123264804413
2024-01-04 19:00:00,835.874184458173
2024-01-04 20:00:00,805.7333264267918
2024-01-04 21:00:00,848.7487793647574
2024-01-04 22:00:00,888.2367554060352
2024-01-04 23:00:00,904.3307425355321
2024-01-05 00:00:00,1008.8836083119373
2024-01-05 01:00:00,1059.5954671859008
2024-01-05 02:00:00,1100.153403699274
2024-01-05 03:00:00,1134.383742236055
2024-01-05 04:00:00,1130.7439584953754
2024-01-05 05:00:00,1180.565805574853
2024-01-05 06:00:00,1189.7185645041968
2024-01-05 07:00:00,1169.116847181165
2024-01-05 08:00:00,1168.3665094069074
2024-01-05 09:00:00,1153.5428819417457
2024-01-05 10:00:00,1156.585577036316
2024-01-05 11:00:00,1057.0011434054593
2024-01-05 12:00:00,1007.7265117216829
2024-01-05 13:00:00,946.0028135065108
2024-01-05 14:00:00,842.4368635410287
2024-01-05 15:00:00,857.7832274992141
2024-01-05 16:00:00,828.6018255413431
2024-01-05 17:00:00,880.712098116745
2024-01-05 18:00:00,794.2291710565663
2024-01-05 19:00:00,815.8612550121948
2024-01-05 20:00:00,825.753566151955
2024-01-05 21:00:00,823.5183026341045
2024-01-05 22:00:00,934.2846844354505
2024-01-05 23:00:00,970.7941819600989
2024-01-06 00:00:00,1023.7309584112915
2024-01-06 01:00:00,1024.482185376662
2024-01-06 02:00:00,1142.083829328083
2024-01-06 03:00:00,1099.365824353541
2024-01-06 04:00:00,1190.8107935708958
2024-01-06 05:00:00,1258.898834032113
2024-01-06 06:00:00,1170.2839102460794
2024-01-06 07:00:00,1176.1962333697304
2024-01-06 08:00:00,1176.1946217095172
2024-01-06 09:00:00,1126.3170866138234
2024-01-06 10:00:00,1053.480097068016
2024-01-06 11:00:00,1053.820698264685
2024-01-06 12:00:00,968.1308885882169
2024-01-06 13:00:00,962.4439638985513
2024-01-06 14:00:00,872.4172729729859
2024-01-06 15:00:00,905.0766759132168
2024-01-06 16:00:00,803.2973204730251
2024-01-06 17:00:00,797.1529892560161
2024-01-06 18:00:00,824.4055165210901
2024-01-06 19:00:00,769.8889052491677
2024-01-06 20:00:00,833.6187172812362
2024-01-06 21:00:00,897.7929263911633
2024-01-06 22:00:00,851.775502963163
2024-01-06 23:00:00,953.7752067354647
2024-01-07 00:00:00,1007.7964838274527
2024-01-07 01:00:00,1075.2184951738234
2024-01-07 02:00:00,1062.8914786736575
2024-01-07 03:00:00,1101.8076578447813
2024-01-07 04:00:00,1188.8633277253948
2024-01-07 05:00:00,1202.0947054548092
2024-01-07 06:00:00,1207.5147855103762
2024-01-07 07:00:00,1203.578611542723
2024-01-07 08:00:00,1152.804339109533
2024-01-07 09:00:00,1148.3889671521397
2024-01-07 10:00:00,1108.7921741989605
2024-01-07 11:00:00,1030.333266479713
2024-01-07 12:00:00,1055.9732353343427
2024-01-07 13:00:00,962.4511786068495
2024-01-07 14:00:00,864.2608950839206
2024-01-07 15:00:00,878.2752520217055
2024-01-07 16:00:00,797.5544691362927
2024-01-07 17:00:00,830.4273728544599
2024-01-07 18:00:00,834.7578673702221
2024-01-07 19:00:00,782.194365191635
2024-01-07 20:00:00,855.696203120442
2024-01-07 21:00:00,870.9620715707854
2024-01-07 22:00:00,924.6618047998346
2024-01-07 23:00:00,1005.1399804591141
2024-01-08 00:00:00,992.6383565199139
2024-01-08 01:00:00,1029.1517240897795
2024-01-08 02:00:00,1073.3145671112343
2024-01-08 03:00:00,1116.9470476883464
2024-01-08 04:00:00,1170.8920294744646
2024-01-08 05:00:00,1203.4197245023129
2024-01-08 06:00:00,1208.3007239799006
2024-01-08 07:00:00,1218.0006627288944
2024-01-08 08:00:00,1173.595137513225
2024-01-08 09:00:00,1185.027378552029
2024-01-08 10:00:00,1092.0602950028613
2024-01-08 11:00:00,1133.3688840181926
2024-01-08 12:00:00,1018.7700204329502
2024-01-08 13:00:00,922.5214642870073
2024-01-08 14:00:00,867.8732250581667
2024-01-08 15:00:00,873.0528162199862
2024-01-08 16:00:00,820.0910356833368
2024-01-08 17:00:00,828.2348495649491
2024-01-08 18:00:00,814.1971287372063
2024-01-08 19:00:00,804.6299673624802
2024-01-08 20:00:00,801.3911077010602
2024-01-08 21:00:00,813.1332270221145
2024-01-08 22:00:00,886.6045514379892
2024-01-08 23:00:00,973.9281548091998
2024-01-09 00:00:00,1006.4228123239061
2024-01-09 01:00:00,1014.3916456591445
2024-01-09 02:00:00,1105.1954277755356
2024-01-09 03:00:00,1152.9808776291745
2024-01-09 04:00:00,1146.6893576708537
2024-01-09 05:00:00,1197.7969184361796
2024-01-09 06:00:00,1201.74626155338
2024-01-09 07:00:00,1158.896056322895
2024-01-09 08:00:00,1183.9387015673362
2024-01-09 09:00:00,1158.2448920283566
2024-01-09 10:00:00,1132.4915372952582
2024-01-09 11:00:00,1083.3778705815512
2024-01-09 12:00:00,958.6699189612873
2024-01-09 13:00:00,920.1014397820421
2024-01-09 14:00:00,915.4510580162598
2024-01-09 15:00:00,873.9922222900568
2024-01-09 16:00:00,842.2463498322937
2024-01-09 17:00:00,922.3967794618279
2024-01-09 18:00:00,817.126715320795
2024-01-09 19:00:00,840.8818039476043
2024-01-09 20:00:00,855.4149721479084
2024-01-09 21:00:00,878.1203813018644
2024-01-09 22:00:00,890.5419226607895
2024-01-09 23:00:00,971.0052675942936
2024-01-10 00:00:00,976.8152435638729
2024-01-10 01:00:00,1044.659250818304
2024-01-10 02:00:00,1085.439093565127
2024-01-10 03:00:00,1143.8775804188992
2024-01-10 04:00:00,1242.644837757093
2024-01-10 05:00:00,1137.1672094800613
2024-01-10 06:00:00,1220.5878057112354
2024-01-10 07:00:00,1144.803689122124
2024-01-10 08:00:00,1159.0471247832047
2024-01-10 09:00:00,1174.0898741463304
2024-01-10 10:00:00,1101.928400572864
2024-01-10 11:00:00,1019.431465682625
2024-01-10 12:00:00,978.540888722201
2024-01-10 13:00:00,968.6241234475361
2024-01-10 14:00:00,878.0890010484859
2024-01-10 15:00:00,865.0724014501499
2024-01-10 16:00:00,828.1620744402267
2024-01-10 17:00:00,787.2668243140118
2024-01-10 18:00:00,864.3183226797598
2024-01-10 19:00:00,825.8324054117267
2024-01-10 20:00:00,766.0406416433841
2024-01-10 21:00:00,864.1722732057733
2024-01-10 22:00:00,880.1464060569482
2024-01-10 23:00:00,973.8091910233824
2024-01-11 00:00:00,976.224377847019
2024-01-11 01:00:00,1048.321715776497
2024-01-11 02:00:00,1115.1496183694137
2024-01-11 03:00:00,1167.3940120624131
2024-01-11 04:00:00,1137.1961885452145
2024-01-11 05:00:00,1183.1501281825851
2024-01-11 06:00:00,1185.7516406651714
2024-01-11 07:00:00,1173.5852882806023
2024-01-11 08:00:00,1226.1687079653207
2024-01-11 09:00:00,1153.5708075661382
2024-01-11 10:00:00,1062.1734813699486
2024-01-11 11:00:00,1079.2996674321473
2024-01-11 12:00:00,1063.664685910379
2024-01-11 13:00:00,979.2101487960302
2024-01-11 14:00:00,854.4189010213796
2024-01-11 15:00:00,844.051621576703
2024-01-11 16:00:00,864.802253718711
2024-01-11 17:00:00,785.5847507736229
2024-01-11 18:00:00,813.3145828443869
2024-01-11 19:00:00,830.0538563450665
2024-01-11 20:00:00,798.9870050957699
2024-01-11 21:00:00,856.7928830808365
2024-01-11 22:00:00,802.7619797979277
2024-01-11 23:00:00,917.5045617394669
2024-01-12 00:00:00,992.4229554582051
2024-01-12 01:00:00,1014.3303135615587
2024-01-12 02:00:00,1148.972339117949
2024-01-12 03:00:00,1098.5171148984905
2024-01-12 04:00:00,1160.0037461559782
2024-01-12 05:00:00,1197.1073825763965
2024-01-12 06:00:00,1243.2381986719834
2024-01-12 07:00:00,1150.1093007224304
2024-01-12 08:00:00,1208.0999933215367
2024-01-12 09:00:00,1141.728348067897
2024-01-12 10:00:00,1070.5547404685615
2024-01-12 11:00:00,1065.6269132484022
2024-01-12 12:00:00,1005.971790867204
2024-01-12 13:00:00,930.2296846647321
2024-01-12 14:00:00,902.0940625497005
2024-01-12 15:00:00,847.0192358568378
2024-01-12 16:00:00,830.2004396006497
2024-01-12 17:00:00,826.6787549778178
2024-01-12 18:00:00,847.5805044843605
2024-01-12 19:00:00,769.6803697773809
2024-01-12 20:00:00,890.7859204828003
2024-01-12 21:00:00,800.0160097770155
2024-01-12 22:00:00,895.4464471489324
2024-01-12 23:00:00,965.8857071740329
2024-01-13 00:00:00,1008.4297560320509
2024-01-13 01:00:00,1033.0828234258863
2024-01-13 02:00:00,1093.7563324892817
2024-01-13 03:00:00,1126.6313281975445
2024-01-13 04:00:00,1155.5241380485616
2024-01-13 05:00:00,1218.6732281684444
2024-01-13 06:00:00,1210.7104645789514
2024-01-13 07:00:00,1172.397877399994
2024-01-13 08:00:00,1200.1930770198853
2024-01-13 09:00:00,1150.6403418636078
2024-01-13 10:00:00,1124.3858635651688
2024-01-13 11:00:00,1070.6526742782125
2024-01-13 12:00:00,975.1301496723378
2024-01-13 13:00:00,931.4307597735867
2024-01-13 14:00:00,922.4188081536979
2024-01-13 15:00:00,876.8897517256945
2024-01-13 16:00:00,826.1678714241879
2024-01-13 17:00:00,810.3346562414498
2024-01-13 18:00:00,838.3299468736527
2024-01-13 19:00:00,789.0676930771115
2024-01-13 20:00:00,843.2078406782134
2024-01-13 21:00:00,852.5128641896737
2024-01-13 22:00:00,893.4695639031833
2024-01-13 23:00:00,981.1994965391114
2024-01-14 00:00:00,1024.7624904696409
2024-01-14 01:00:00,1076.1690981005233
2024-01-14 02:00:00,1139.1643642146298
2024-01-14 03:00:00,1142.0514714862923
2024-01-14 04:00:00,1193.6636698957368
2024-01-14 05:00:00,1183.87716256001
2024-01-14 06:00:00,1209.7249905746532
2024-01-14 07:00:00,1189.2808736267832
2024-01-14 08:00:00,1176.1149597066694
2024-01-14 09:00:00,1159.276067000417
2024-01-14 10:00:00,1075.4533795029959
2024-01-14 11:00:00,1114.535427291068
2024-01-14 12:00:00,969.8194785550089
2024-01-14 13:00:00,911.810532595864
2024-01-14 14:00:00,934.7433262050021
2024-01-14 15:00:00,882.3285245815787
2024-01-14 16:00:00,845.518513754677
2024-01-14 17:00:00,825.6652000201148
2024-01-14 18:00:00,799.6325968145926
2024-01-14 19:00:00,779.8972035976115
2024-01-14 20:00:00,829.0690559889241
2024-01-14 21:00:00,838.2637924173272
2024-01-14 22:00:00,929.2535920025324
2024-01-14 23:00:00,943.8244695344315
2024-01-15 00:00:00,975.2350840962247
2024-01-15 01:00:00,1042.1222337709144
2024-01-15 02:00:00,1112.3879436282687
2024-01-15 03:00:00,1124.5096196531902
2024-01-15 04:00:00,1148.5384688898948
2024-01-15 05:00:00,1200.495781602571
2024-01-15 06:00:00,1207.3489971332617
2024-01-15 07:00:00,1177.9768699966799
2024-01-15 08:00:00,1159.0739315883382
2024-01-15 09:00:00,1148.3828543580387
2024-01-15 10:00:00,1056.5574697550803
2024-01-15 11:00:00,1009.5398957892074
2024-01-15 12:00:00,978.446673362427
2024-01-15 13:00:00,941.8327764281404
2024-01-15 14:00:00,909.3272269679402
2024-01-15 15:00:00,902.8393302711771
2024-01-15 16:00:00,852.5247079391729
2024-01-15 17:00:00,802.0166788432836
2024-01-15 18:00:00,799.4295137629193
2024-01-15 19:00:00,776.738953803052
2024-01-15 20:00:00,826.2395251633407
2024-01-15 21:00:00,849.9188845950864
2024-01-15 22:00:00,909.6815568101425
2024-01-15 23:00:00,923.4192626729259
2024-01-16 00:00:00,1015.5803954272352
2024-01-16 01:00:00,1097.7459764105815
2024-01-16 02:00:00,1096.7371955462943
2024-01-16 03:00:00,1153.4727079002778
2024-01-16 04:00:00,1193.909400508221
2024-01-16 05:00:00,1181.1485511012386
2024-01-16 06:00:00,1206.7227744543125
2024-01-16 07:00:00,1193.5629372812675
2024-01-16 08:00:00,1176.1353637133527
2024-01-16 09:00:00,1118.2310627216455
2024-01-16 10:00:00,1100.7353052277683
2024-01-16 11:00:00,1066.7037577578676
2024-01-16 12:00:00,1043.5343082338513
2024-01-16 13:00:00,977.0143157620521
2024-01-16 14:00:00,964.5954737253467
2024-01-16 15:00:00,835.5582168760491
2024-01-16 16:00:00,852.9645383447327
2024-01-16 17:00:00,812.3150949143369
2024-01-16 18:00:00,865.6940879965301
2024-01-16 19:00:00,782.5658861815318
2024-01-16 20:00:00,801.603263977689
2024-01-16 21:00:00,840.5968643993698
2024-01-16 22:00:00,836.2831282707057
2024-01-16 23:00:00,932.4635403290728
2024-01-17 00:00:00,977.2260201533891
2024-01-17 01:00:00,1056.2756226147903
2024-01-17 02:00:00,1110.2526792733147
2024-01-17 03:00:00,1197.7064814137862
2024-01-17 04:00:00,1201.7177959024693
2024-01-17 05:00:00,1175.8780555879416
2024-01-17 06:00:00,1173.0475598595492
2024-01-17 07:00:00,1207.9427404030089
2024-01-17 08:00:00,1133.5980845462686
2024-01-17 09:00:00,1196.36511921294
2024-01-17 10:00:00,1135.3832036216386
2024-01-17 11:00:00,1037.688539457363
2024-01-17 12:00:00,948.6059641272736
2024-01-17 13:00:00,988.8523622044582
2024-01-17 14:00:00,896.5638046424215
2024-01-17 15:00:00,895.7131331218944
2024-01-17 16:00:00,778.9620894792813
2024-01-17 17:00:00,788.8335840535732
2024-01-17 18:00:00,800.1573109915455
2024-01-17 19:00:00,808.2242525551286
2024-01-17 20:00:00,813.292955098735
2024-01-17 21:00:00,877.2641417331155
2024-01-17 22:00:00,867.9713871185221
2024-01-17 23:00:00,943.9648064288568
2024-01-18 00:00:00,1003.608868951357
2024-01-18 01:00:00,1067.1969740422667
2024-01-18 02:00:00,1121.3484463426666
2024-01-18 03:00:00,1107.6820934821735
2024-01-18 04:00:00,1127.1816556348192
2024-01-18 05:00:00,1231.515469914769
2024-01-18 06:00:00,1209.9694203593876
2024-01-18 07:00:00,1170.730569161117
2024-01-18 08:00:00,1219.7396400225634
2024-01-18 09:00:00,1144.8915952660952
2024-01-18 10:00:00,1135.3789155219147
2024-01-18 11:00:00,1053.7893634628074
2024-01-18 12:00:00,1061.8224377464596
2024-01-18 13:00:00,1000.896416252792
2024-01-18 14:00:00,892.5310755456278
2024-01-18 15:00:00,887.7257722913213
2024-01-18 16:00:00,846.1561977306667
2024-01-18 17:00:00,847.8737814681568
2024-01-18 18:00:00,771.0522961825968
2024-01-18 19:00:00,827.3963785421395
2024-01-18 20:00:00,858.5476538485999
2024-01-18 21:00:00,805.8164591699971
2024-01-18 22:00:00,864.5022446200267
2024-01-18 23:00:00,887.0592256466927
2024-01-19 00:00:00,991.9177949666632
2024-01-19 01:00:00,1073.290076694383
2024-01-19 02:00:00,1145.070711562881
2024-01-19 03:00:00,1143.6441996499027
2024-01-19 04:00:00,1222.0635471240266
2024-01-19 05:00:00,1151.782121511367
2024-01-19 06:00:00,1148.8985268193453
2024-01-19 07:00:00,1191.518734290915
2024-01-19 08:00:00,1184.727044225067
2024-01-19 09:00:00,1140.4405137944866
2024-01-19 10:00:00,1037.9767369988037
2024-01-19 11:00:00,1049.0902078351205
2024-01-19 12:00:00,960.8659149848544
2024-01-19 13:00:00,968.326367444397
2024-01-19 14:00:00,910.9979473829054
2024-01-19 15:00:00,830.3822501728699
2024-01-19 16:00:00,811.3789117230115
2024-01-19 17:00:00,775.0384290855178
2024-01-19 18:00:00,798.1196270818049
2024-01-19 19:00:00,835.4691043572235
2024-01-19 20:00:00,797.223137853046
2024-01-19 21:00:00,873.7000392282258
2024-01-19 22:00:00,884.0922714488266
2024-01-19 23:00:00,924.4500060116253
2024-01-20 00:00:00,996.7890892013633
2024-01-20 01:00:00,1020.7065393479229
2024-01-20 02:00:00,1083.3905208395845
2024-01-20 03:00:00,1105.485019459644
2024-01-20 04:00:00,1232.1468347443795
2024-01-20 05:00:00,1194.2430718169655
2024-01-20 06:00:00,1179.0082347602224
2024-01-20 07:00:00,1199.6045625798404
2024-01-20 08:00:00,1169.835239266163
2024-01-20 09:00:00,1134.7922682513129
2024-01-20 10:00:00,1118.4250010013027
2024-01-20 11:00:00,1074.4890403219233
2024-01-20 12:00:00,984.0849655716842
2024-01-20 13:00:00,930.9616437601554
2024-01-20 14:00:00,891.7484490854507
2024-01-20 15:00:00,789.521008820623
2024-01-20 16:00:00,781.3391873771558
2024-01-20 17:00:00,847.8210627655221
2024-01-20 18:00:00,849.3490314050385
2024-01-20 19:00:00,799.343753555495
2024-01-20 20:00:00,844.0916281347853
2024-01-20 21:00:00,867.9161483989966
2024-01-20 22:00:00,992.366424253657
2024-01-20 23:00:00,981.823438322533
2024-01-21 00:00:00,996.162472255577
2024-01-21 01:00:00,1023.0975958024914
2024-01-21 02:00:00,1051.806610392273
2024-01-21 03:00:00,1147.5252653133261
2024-01-21 04:00:00,1150.5145583983588
2024-01-21 05:00:00,1150.5175539698835
2024-01-21 06:00:00,1180.6028134727242
2024-01-21 07:00:00,1160.7387251493817
2024-01-21 08:00:00,1223.8193298090648
2024-01-21 09:00:00,1167.870548945793
2024-01-21 10:00:00,1099.7608207605015
2024-01-21 11:00:00,1096.162133187205
2024-01-21 12:00:00,1002.3210492294286
2024-01-21 13:00:00,922.3976649396479
2024-01-21 14:00:00,945.6937223180897
2024-01-21 15:00:00,874.7459450732304
2024-01-21 16:00:00,795.6775346133186
2024-01-21 17:00:00,801.1046743996781
2024-01-21 18:00:00,773.7314523984572
2024-01-21 19:00:00,765.3308428132563
2024-01-21 20:00:00,854.5802456690616
2024-01-21 21:00:00,915.8611429767944
2024-01-21 22:00:00,858.0429727854256
2024-01-21 23:00:00,965.1252680802128
2024-01-22 00:00:00,980.4807229263452
2024-01-22 01:00:00,1037.1500475075632
2024-01-22 02:00:00,1082.228182272834
2024-01-22 03:00:00,1115.501633146915
2024-01-22 04:00:00,1174.6607295952326
2024-01-22 05:00:00,1168.2566617654825
2024-01-22 06:00:00,1208.113704773395
2024-01-22 07:00:00,1191.6780219743396
2024-01-22 08:00:00,1166.0366393508955
2024-01-22 09:00:00,1114.1944463760615
2024-01-22 10:00:00,1082.69686008295
2024-01-22 11:00:00,1074.4255457952768
2024-01-22 12:00:00,1015.0275156287314
2024-01-22 13:00:00,918.9095336355393
2024-01-22 14:00:00,902.9799691628767
2024-01-22 15:00:00,881.1202574638443
2024-01-22 16:00:00,776.7127608094711
2024-01-22 17:00:00,823.1156405135844
2024-01-22 18:00:00,780.1212872316246
2024-01-22 19:00:00,823.9327947999811
2024-01-22 20:00:00,803.8971445468368
2024-01-22 21:00:00,804.4321807427549
2024-01-22 22:00:00,851.173726863505
2024-01-22 23:00:00,949.6787393793371
2024-01-23 00:00:00,1007.7916750516445
2024-01-23 01:00:00,1024.6343102673718
2024-01-23 02:00:00,1119.1577737633213
2024-01-23 03:00:00,1091.5757543692407
2024-01-23 04:00:00,1171.2226867974682
2024-01-23 05:00:00,1156.85467926494
2024-01-23 06:00:00,1180.4449167659352
2024-01-23 07:00:00,1194.6071253973062
2024-01-23 08:00:00,1147.3926797983693
2024-01-23 09:00:00,1129.8846899104146
2024-01-23 10:00:00,1130.1887842764331
2024-01-23 11:00:00,1034.4570529348098
2024-01-23 12:00:00,1025.0707633619543
2024-01-23 13:00:00,914.3449853397673
2024-01-23 14:00:00,915.8941253374585
2024-01-23 15:00:00,901.8257023824276
2024-01-23 16:00:00,752.6455842392936
2024-01-23 17:00:00,782.907977078072
2024-01-23 18:00:00,817.3121638154162
2024-01-23 19:00:00,800.7234731608966
2024-01-23 20:00:00,837.9292954442516
2024-01-23 21:00:00,840.4590881612158
2024-01-23 22:00:00,902.5976936241868
2024-01-23 23:00:00,943.5658739177333
2024-01-24 00:00:00,1035.0334618497943
2024-01-24 01:00:00,1059.3964343195405
2024-01-24 02:00:00,1110.128079862256
2024-01-24 03:00:00,1129.0650472536354
2024-01-24 04:00:00,1158.576894034713
2024-01-24 05:00:00,1180.208419623225
2024-01-24 06:00:00,1211.833564271349
2024-01-24 07:00:00,1180.5556308332057
2024-01-24 08:00:00,1181.8983264637802
2024-01-24 09:00:00,1203.6833801966727
2024-01-24 10:00:00,1126.1337411029508
2024-01-24 11:00:00,1041.983103055469
2024-01-24 12:00:00,1036.0364176649184
2024-01-24 13:00:00,935.9939297888493
2024-01-24 14:00:00,838.8562639446644
2024-01-24 15:00:00,828.3360544351685
2024-01-24 16:00:00,770.6711616123366
2024-01-24 17:00:00,796.2694302209471
2024-01-24 18:00:00,800.5525513756866
2024-01-24 19:00:00,857.1079541104448
2024-01-24 20:00:00,836.6027404560372
2024-01-24 21:00:00,852.0056278984246
2024-01-24 22:00:00,924.8821674355046
2024-01-24 23:00:00,881.902131709259
2024-01-25 00:00:00,1007.0684367432569
2024-01-25 01:00:00,1074.889764837113
2024-01-25 02:00:00,1055.6424126266047
2024-01-25 03:00:00,1175.7339775335174
2024-01-25 04:00:00,1183.3599729817201
2024-01-25 05:00:00,1180.7265278407897
2024-01-25 06:00:00,1218.9834559831886
2024-01-25 07:00:00,1261.3059509919456
2024-01-25 08:00:00,1178.6610684086427
2024-01-25 09:00:00,1148.8679738263195
2024-01-25 10:00:00,1086.2191730137927
2024-01-25 11:00:00,1026.2684779365604
2024-01-25 12:00:00,1024.9100744963273
2024-01-25 13:00:00,922.5536762022299
2024-01-25 14:00:00,902.1469871165817
2024-01-25 15:00:00,844.2489203597371
2024-01-25 16:00:00,841.164314015504
2024-01-25 17:00:00,816.8246979007948
2024-01-25 18:00:00,831.126198327737
2024-01-25 19:00:00,791.5143427765439
2024-01-25 20:00:00,818.6986711843111
2024-01-25 21:00:00,829.2157322892213
2024-01-25 22:00:00,886.6712021977165
2024-01-25 23:00:00,959.5552057708412
2024-01-26 00:00:00,1022.7096584993606
2024-01-26 01:00:00,1024.0988492951753
2024-01-26 02:00:00,1126.0881776031697
2024-01-26 03:00:00,1182.090492001458
2024-01-26 04:00:00,1185.608127853599
2024-01-26 05:00:00,1249.4890396345556
2024-01-26 06:00:00,1176.7863240268928
2024-01-26 07:00:00,1155.845524158471
2024-01-26 08:00:00,1119.8434732897595
2024-01-26 09:00:00,1186.302685581985
2024-01-26 10:00:00,1119.6309696906217
2024-01-26 11:00:00,1050.0962688931904
2024-01-26 12:00:00,1008.3990587895946
2024-01-26 13:00:00,914.4715195605446
2024-01-26 14:00:00,973.3725593885048
2024-01-26 15:00:00,862.4552792219474
2024-01-26 16:00:00,830.0767630812591
2024-01-26 17:00:00,828.5878334591471
2024-01-26 18:00:00,814.4302769521014
2024-01-26 19:00:00,813.5313554705602
2024-01-26 20:00:00,803.080685579753
2024-01-26 21:00:00,872.7226944767704
2024-01-26 22:00:00,956.4607348942509
2024-01-26 23:00:00,988.598792364145
2024-01-27 00:00:00,1047.795598799182
2024-01-27 01:00:00,1036.4273387275687
2024-01-27 02:00:00,1070.3118553922425
2024-01-27 03:00:00,1137.6477486343201
2024-01-27 04:00:00,1174.8768281255486
2024-01-27 05:00:00,1226.010910811942
2024-01-27 06:00:00,1149.2260611085553
2024-01-27 07:00:00,1239.071674841632
2024-01-27 08:00:00,1168.4648437995181
2024-01-27 09:00:00,1128.6149241388869
2024-01-27 10:00:00,1069.636868742195
2024-01-27 11:00:00,1002.118108864531
2024-01-27 12:00:00,1024.6951175188574
2024-01-27 13:00:00,950.435729995148
2024-01-27 14:00:00,861.3011730077684
2024-01-27 15:00:00,819.7262806007822
2024-01-27 16:00:00,816.7213782644085
2024-01-27 17:00:00,856.8854805008682
2024-01-27 18:00:00,792.2122594590919
2024-01-27 19:00:00,761.7205461486432
2024-01-27 20:00:00,819.4226273205339
2024-01-27 21:00:00,850.3969366702604
2024-01-27 22:00:00,819.0934007117528
2024-01-27 23:00:00,946.6073449839613
2024-01-28 00:00:00,993.0719640937397
2024-01-28 01:00:00,1072.6499999649068
2024-01-28 02:00:00,1155.4686828483605
2024-01-28 03:00:00,1175.2183071237423
2024-01-28 04:00:00,1165.1384200402429
2024-01-28 05:00:00,1159.9893879955634
2024-01-28 06:00:00,1277.2007940974959
2024-01-28 07:00:00,1194.9617182782483
2024-01-28 08:00:00,1173.622959514276
2024-01-28 09:00:00,1140.6976036240094
2024-01-28 10:00:00,1105.9425428230356
2024-01-28 11:00:00,1047.4329966627859
2024-01-28 12:00:00,982.7901397935929
2024-01-28 13:00:00,931.8304227422841
2024-01-28 14:00:00,899.0174018935201
2024-01-28 15:00:00,842.2759006286776
2024-01-28 16:00:00,805.4095457627974
2024-01-28 17:00:00,810.0077415729432
2024-01-28 18:00:00,792.3506834773743
2024-01-28 19:00:00,851.934624399667
2024-01-28 20:00:00,747.265824991322
2024-01-28 21:00:00,891.3238493203644
2024-01-28 22:00:00,937.3825557749287
2024-01-28 23:00:00,886.0344840072512
2024-01-29 00:00:00,989.7193721775895
2024-01-29 01:00:00,1040.6205830406304
2024-01-29 02:00:00,1057.7746491584653
2024-01-29 03:00:00,1118.0868556095832
2024-01-29 04:00:00,1139.887805392913
2024-01-29 05:00:00,1245.7532785605224
2024-01-29 06:00:00,1228.070351794424
2024-01-29 07:00:00,1231.3318181076384
2024-01-29 08:00:00,1194.8552426781848
2024-01-29 09:00:00,1107.5498031007926
2024-01-29 10:00:00,1084.2643920116068
2024-01-29 11:00:00,1066.4450458573417
2024-01-29 12:00:00,963.3361657332416
2024-01-29 13:00:00,969.6261438846675
2024-01-29 14:00:00,892.7902380552559
2024-01-29 15:00:00,847.3340195362027
2024-01-29 16:00:00,848.1237182892171
2024-01-29 17:00:00,820.1427340867675
2024-01-29 18:00:00,789.1710150254276
2024-01-29 19:00:00,841.5947288431138
2024-01-29 20:00:00,794.3630194151153
2024-01-29 21:00:00,877.0567119710184
2024-01-29 22:00:00,917.7930377390514
2024-01-29 23:00:00,938.9497978000759
2024-01-30 00:00:00,1009.7839906672635
2024-01-30 01:00:00,1014.230401728945
2024-01-30 02:00:00,1127.720810576207
2024-01-30 03:00:00,1135.8742921440198
2024-01-30 04:00:00,1157.5233901413167
2024-01-30 05:00:00,1224.6554420329203
2024-01-30 06:00:00,1178.8696892837172
2024-01-30 07:00:00,1150.931326366907
2024-01-30 08:00:00,1126.5062055511708
2024-01-30 09:00:00,1159.6016547776787
2024-01-30 10:00:00,1061.5871194251115
2024-01-30 11:00:00,1104.407634480035
2024-01-30 12:00:00,937.5421177634884
2024-01-30 13:00:00,999.129882028197
2024-01-30 14:00:00,906.3305240160786
2024-01-30 15:00:00,855.6772504065789
2024-01-30 16:00:00,810.4473466388438
2024-01-30 17:00:00,818.7889181727485
2024-01-30 18:00:00,798.8709589272546
2024-01-30 19:00:00,839.913891202682
2024-01-30 20:00:00,830.2217487029735
2024-01-30 21:00:00,863.0876966065468
2024-01-30 22:00:00,889.0916336335843
2024-01-30 23:00:00,946.5278222678636
2024-01-31 00:00:00,1009.2340530667618
2024-01-31 01:00:00,1000.4587572408054
2024-01-31 02:00:00,1059.5544373368286
2024-01-31 03:00:00,1163.719279057991
2024-01-31 04:00:00,1178.3310439007262
2024-01-31 05:00:00,1187.6656651672333
2024-01-31 06:00:00,1200.5530179919617
2024-01-31 07:00:00,1203.6126164186637
2024-01-31 08:00:00,1157.012290347607
2024-01-31 09:00:00,1118.0722144752401
2024-01-31 10:00:00,1105.8753576529305
2024-01-31 11:00:00,1022.4126256920532
2024-01-31 12:00:00,1012.2475826714342
2024-01-31 13:00:00,897.1586828523607
2024-01-31 14:00:00,930.8746691197694
2024-01-31 15:00:00,872.7565682350819
2024-01-31 16:00:00,834.4758112725285
2024-01-31 17:00:00,836.2955642605517
2024-01-31 18:00:00,849.9642333338772
2024-01-31 19:00:00,837.2459366927303
2024-01-31 20:00:00,771.568692303163
2024-01-31 21:00:00,820.1913347606194
2024-01-31 22:00:00,881.2554426691295
2024-01-31 23:00:00,949.0189224858207
2024-02-01 00:00:00,1015.5297706140736
2024-02-01 01:00:00,1029.9914946259003
2024-02-01 02:00:00,1105.6030029343124
2024-02-01 03:00:00,1118.7598682667099
2024-02-01 04:00:00,1154.8595466671293
2024-02-01 05:00:00,1150.985332352367
2024-02-01 06:00:00,1172.303002616673
2024-02-01 07:00:00,1152.6346270893237
2024-02-01 08:00:00,1143.9288831675678
2024-02-01 09:00:00,1173.0306101355447
2024-02-01 10:00:00,1071.5180333350418
2024-02-01 11:00:00,1130.735270965626
2024-02-01 12:00:00,1014.7995370264267
2024-02-01 13:00:00,953.7812746903421
2024-02-01 14:00:00,874.2492665945636
2024-02-01 15:00:00,879.5879401449604
2024-02-01 16:00:00,809.5257844559791
2024-02-01 17:00:00,810.4751291815472
2024-02-01 18:00:00,876.8025361480638
2024-02-01 19:00:00,803.9330377504468
2024-02-01 20:00:00,861.2731190316825
2024-02-01 21:00:00,837.4833510089138
2024-02-01 22:00:00,898.9503452850911
2024-02-01 23:00:00,1001.3602100485609
2024-02-02 00:00:00,981.190988266367
2024-02-02 01:00:00,1106.137265760412
2024-02-02 02:00:00,1121.2325580636643
2024-02-02 03:00:00,1124.5473529604815
2024-02-02 04:00:00,1192.1773129285534
2024-02-02 05:00:00,1222.3617987466155
2024-02-02 06:00:00,1218.654298866516
2024-02-02 07:00:00,1146.0784236611
2024-02-02 08:00:00,1151.3909654821418
2024-02-02 09:00:00,1133.9957971707643
2024-02-02 10:00:00,1097.7669971269986
2024-02-02 11:00:00,1070.3839719470245
2024-02-02 12:00:00,1005.3310300279976
2024-02-02 13:00:00,908.1758602181928
2024-02-02 14:00:00,911.4059355301789
2024-02-02 15:00:00,876.8962161212053
2024-02-02 16:00:00,843.5886326810435
2024-02-02 17:00:00,839.238256508825
2024-02-02 18:00:00,825.0176646364671
2024-02-02 19:00:00,820.5902371190394
2024-02-02 20:00:00,824.6899478993529
2024-02-02 21:00:00,808.7498157572107
2024-02-02 22:00:00,912.8885465739775
2024-02-02 23:00:00,954.466821594389
2024-02-03 00:00:00,1008.1473651158612
2024-02-03 01:00:00,1013.4613517458948
2024-02-03 02:00:00,1067.568303787752
2024-02-03 03:00:00,1173.0159418372966
2024-02-03 04:00:00,1172.0184261411882
2024-02-03 05:00:00,1213.6301861789923
2024-02-03 06:00:00,1200.8495512839138
2024-02-03 07:00:00,1194.0778494426859
2024-02-03 08:00:00,1201.3535949361678
2024-02-03 09:00:00,1125.9400143907883
2024-02-03 10:00:00,1102.8836233082295
2024-02-03 11:00:00,1037.895550359353
2024-02-03 12:00:00,986.9651131770305
2024-02-03 13:00:00,938.9610272754367
2024-02-03 14:00:00,906.6640131490113
2024-02-03 15:00:00,844.2161851127863
2024-02-03 16:00:00,864.4676030103179
2024-02-03 17:00:00,779.9766156756012
2024-02-03 18:00:00,794.3938506751592
2024-02-03 19:00:00,793.6229029939611
2024-02-03 20:00:00,870.2042557737243
2024-02-03 21:00:00,864.4752870580377
2024-02-03 22:00:00,930.955336184059
2024-02-03 23:00:00,903.6693797883864
2024-02-04 00:00:00,1008.0115079760777
2024-02-04 01:00:00,1078.4527328892073
2024-02-04 02:00:00,1102.4685196782627
2024-02-04 03:00:00,1173.38576748927
2024-02-04 04:00:00,1157.6864272538767
2024-02-04 05:00:00,1235.465588463381
2024-02-04 06:00:00,1268.9669437085774
2024-02-04 07:00:00,1182.300008444624
2024-02-04 08:00:00,1159.8400051148647
2024-02-04 09:00:00,1185.0228905508404
2024-02-04 10:00:00,1147.3871643719215
2024-02-04 11:00:00,1036.0780082059061
2024-02-04 12:00:00,987.3943954871243
2024-02-04 13:00:00,939.7826527136806
2024-02-04 14:00:00,859.6664846689716
2024-02-04 15:00:00,831.0190853681646
2024-02-04 16:00:00,796.6706962405502
2024-02-04 17:00:00,783.7809077890624
2024-02-04 18:00:00,798.9594533783966
2024-02-04 19:00:00,813.841276718282
2024-02-04 20:00:00,873.3099340275346
2024-02-04 21:00:00,828.6280225405268
2024-02-04 22:00:00,929.5296719542974
2024-02-04 23:00:00,941.8165256527303
2024-02-05 00:00:00,998.516088710427
2024-02-05 01:00:00,1072.0083937855022
2024-02-05 02:00:00,1066.318339353131
2024-02-05 03:00:00,1152.893648622831
2024-02-05 04:00:00,1178.1986470032796
2024-02-05 05:00:00,1207.9587031780582
2024-02-05 06:00:00,1208.6750593172346
2024-02-05 07:00:00,1266.8441694551404
2024-02-05 08:00:00,1154.0728812293482
2024-02-05 09:00:00,1125.491447587255
2024-02-05 10:00:00,1081.3057842072571
2024-02-05 11:00:00,1035.0994954456964
2024-02-05 12:00:00,980.8783861808045
2024-02-05 13:00:00,983.9066869127224
2024-02-05 14:00:00,942.6151274396957
2024-02-05 15:00:00,841.4562549502064
2024-02-05 16:00:00,801.8242520499855
2024-02-05 17:00:00,820.9573014337785
2024-02-05 18:00:00,783.4333086715709
2024-02-05 19:00:00,825.8027892748516
2024-02-05 20:00:00,832.8826098686513
2024-02-05 21:00:00,813.1063203127735
2024-02-05 22:00:00,946.4251560399017
2024-02-05 23:00:00,1002.1125211723613
2024-02-06 00:00:00,981.6163392854684
2024-02-06 01:00:00,1040.1327622224246
2024-02-06 02:00:00,1108.5759617217473
2024-02-06 03:00:00,1151.4550599369202
2024-02-06 04:00:00,1192.9614089370727
2024-02-06 05:00:00,1253.4913014208041
2024-02-06 06:00:00,1194.6915831751785
2024-02-06 07:00:00,1169.23624792166
2024-02-06 08:00:00,1131.825503916452
2024-02-06 09:00:00,1119.493455039052
2024-02-06 10:00:00,1099.0061908137861
2024-02-06 11:00:00,1105.6005449260379
2024-02-06 12:00:00,984.4716610289148
2024-02-06 13:00:00,954.9498295286628
2024-02-06 14:00:00,899.5073131178175
2024-02-06 15:00:00,894.2304419661331
2024-02-06 16:00:00,902.602892019321
2024-02-06 17:00:00,790.8887715545767
2024-02-06 18:00:00,785.3168167244534
2024-02-06 19:00:00,838.1396610542586
2024-02-06 20:00:00,847.2516639319017
2024-02-06 21:00:00,913.9798635347715
2024-02-06 22:00:00,917.5178455597788
2024-02-06 23:00:00,937.4574282558839
2024-02-07 00:00:00,1017.7196449207693
2024-02-07 01:00:00,1085.0249164379914
2024-02-07 02:00:00,1124.614465435921
2024-02-07 03:00:00,1156.6395771705284
2024-02-07 04:00:00,1205.2053214445625
2024-02-07 05:00:00,1228.264032971184
2024-02-07 06:00:00,1241.464769731126
2024-02-07 07:00:00,1212.646461885503
2024-02-07 08:00:00,1168.1915383473822
2024-02-07 09:00:00,1145.822766830309
2024-02-07 10:00:00,1136.1952689952507
2024-02-07 11:00:00,1027.255738890887
2024-02-07 12:00:00,1011.060199266187
2024-02-07 13:00:00,936.4360266096751
2024-02-07 14:00:00,900.8623446880446
2024-02-07 15:00:00,896.9321996409095
2024-02-07 16:00:00,832.5278912837094
2024-02-07 17:00:00,808.2079311868708
2024-02-07 18:00:00,759.2043157706024
2024-02-07 19:00:00,829.202441723003
2024-02-07 20:00:00,846.1594446773446
2024-02-07 21:00:00,923.4762854618543
2024-02-07 22:00:00,890.7666529514099
2024-02-07 23:00:00,954.8107008094138
2024-02-08 00:00:00,1007.4815105113227
2024-02-08 01:00:00,1099.0874074134083
2024-02-08 02:00:00,1097.1411340283914
2024-02-08 03:00:00,1149.7920020104198
2024-02-08 04:00:00,1191.441976048384
2024-02-08 05:00:00,1198.7834389525044
2024-02-08 06:00:00,1186.6069915634841
2024-02-08 07:00:00,1199.0078650447629
2024-02-08 08:00:00,1205.414033252681
2024-02-08 09:00:00,1110.6258972549776
2024-02-08 10:00:00,1103.9890902244063
2024-02-08 11:00:00,1030.7601845723289
2024-02-08 12:00:00,1035.8513988677453
2024-02-08 13:00:00,902.5405838359826
2024-02-08 14:00:00,883.2323445818523
2024-02-08 15:00:00,869.8950000146262
2024-02-08 16:00:00,873.7606401201425
2024-02-08 17:00:00,804.8423269099967
2024-02-08 18:00:00,783.344014199204
2024-02-08 19:00:00,863.2495468254041
2024-02-08 20:00:00,783.354502230625
2024-02-08 21:00:00,792.614465064088
2024-02-08 22:00:00,913.2004335015998
2024-02-08 23:00:00,933.1745642489172
2024-02-09 00:00:00,969.3630154860786
2024-02-09 01:00:00,1073.0145024394847
2024-02-09 02:00:00,1107.314021413136
2024-02-09 03:00:00,1124.4989973152076
2024-02-09 04:00:00,1134.795948796761
2024-02-09 05:00:00,1219.358885106218
2024-02-09 06:00:00,1219.5060353387598
2024-02-09 07:00:00,1190.2098893444322
2024-02-09 08:00:00,1228.6041906383177
2024-02-09 09:00:00,1109.318813247525
2024-02-09 10:00:00,1054.234244872258
2024-02-09 11:00:00,1031.0065669240669
2024-02-09 12:00:00,998.632419509335
2024-02-09 13:00:00,955.5363744591766
2024-02-09 14:00:00,892.7629182643101
2024-02-09 15:00:00,869.1403056581195
2024-02-09 16:00:00,789.2487365173989
2024-02-09 17:00:00,850.1277728643842
2024-02-09 18:00:00,797.535464648223
2024-02-09 19:00:00,840.3337096898301
2024-02-09 20:00:00,837.0766796344434
2024-02-09 21:00:00,872.281240337304
2024-02-09 22:00:00,917.0930184069659
2024-02-09 23:00:00,961.6674477800151
2024-02-10 00:00:00,1019.2816827960263
2024-02-10 01:00:00,1091.6383849244771
2024-02-10 02:00:00,1105.8956350910441
2024-02-10 03:00:00,1162.6914689649648
2024-02-10 04:00:00,1170.513009928271
2024-02-10 05:00:00,1236.3886817212979
2024-02-10 06:00:00,1179.708230938222
2024-02-10 07:00:00,1247.213378245138
2024-02-10 08:00:00,1172.0003422375576
2024-02-10 09:00:00,1098.498103173768
2024-02-10 10:00:00,1103.8431324473236
2024-02-10 11:00:00,1031.3322592962577
2024-02-10 12:00:00,1025.2193064696617
2024-02-10 13:00:00,928.6574716004242
2024-02-10 14:00:00,886.6144970035566
2024-02-10 15:00:00,801.8924218343246
2024-02-10 16:00:00,813.22572966564
2024-02-10 17:00:00,734.0984549433176
2024-02-10 18:00:00,752.4829152954283
2024-02-10 19:00:00,829.6272744265152
2024-02-10 20:00:00,850.3689240026373
2024-02-10 21:00:00,871.3423706162395
2024-02-10 22:00:00,870.9907157061235
2024-02-10 23:00:00,946.8048502952363
2024-02-11 00:00:00,999.891923827283
2024-02-11 01:00:00,1017.0128683447278
2024-02-11 02:00:00,1145.1019490530146
2024-02-11 03:00:00,1167.7422249545796
2024-02-11 04:00:00,1166.5761555419979
2024-02-11 05:00:00,1193.9917404276496
2024-02-11 06:00:00,1206.2514842384267
2024-02-11 07:00:00,1131.933119205085
2024-02-11 08:00:00,1165.7897592812699
2024-02-11 09:00:00,1120.9618287973756
2024-02-11 10:00:00,1069.9513997031524
2024-02-11 11:00:00,1043.3308002339254
2024-02-11 12:00:00,1053.9305958054856
2024-02-11 13:00:00,967.4614768175062
2024-02-11 14:00:00,882.8646303065161
2024-02-11 15:00:00,875.7561272033754
2024-02-11 16:00:00,868.7755823406924
2024-02-11 17:00:00,834.5538452295694
2024-02-11 18:00:00,801.7889110976053
2024-02-11 19:00:00,787.4067314110191
2024-02-11 20:00:00,847.74161865152
2024-02-11 21:00:00,870.3832053253429
2024-02-11 22:00:00,926.8557966008318
2024-02-11 23:00:00,967.2913450299548
2024-02-12 00:00:00,1031.48658145958
2024-02-12 01:00:00,1035.706752673687
2024-02-12 02:00:00,1139.5218219690298
2024-02-12 03:00:00,1147.3493443780815
2024-02-12 04:00:00,1235.4629069356458
2024-02-12 05:00:00,1172.5095307151266
2024-02-12 06:00:00,1252.0789140949576
2024-02-12 07:00:00,1199.1224887616931
2024-02-12 08:00:00,1153.6625406484543
2024-02-12 09:00:00,1126.9047812156798
2024-02-12 10:00:00,1090.3895807541703
2024-02-12 11:00:00,1064.4887874125616
2024-02-12 12:00:00,1015.685064641065
2024-02-12 13:00:00,931.0251908613385
2024-02-12 14:00:00,899.2693622321705
2024-02-12 15:00:00,922.8467545210465
2024-02-12 16:00:00,878.6212143461337
2024-02-12 17:00:00,819.9045448324073
2024-02-12 18:00:00,801.140104345046
2024-02-12 19:00:00,810.4157745437342
2024-02-12 20:00:00,845.2004584250247
2024-02-12 21:00:00,827.8948668067384
2024-02-12 22:00:00,892.2787038772996
2024-02-12 23:00:00,898.1786687631679
2024-02-13 00:00:00,1011.9766936781584
2024-02-13 01:00:00,1071.1796872115863
2024-02-13 02:00:00,1085.5044061310189
2024-02-13 03:00:00,1188.6409591360105
2024-02-13 04:00:00,1136.4321108668175
2024-02-13 05:00:00,1149.253918851519
2024-02-13 06:00:00,1206.7335545567992
2024-02-13 07:00:00,1224.5981143361782
2024-02-13 08:00:00,1223.722911500624
2024-02-13 09:00:00,1127.6548283512413
2024-02-13 10:00:00,1132.3604250029389
2024-02-13 11:00:00,1050.608554935483
2024-02-13 12:00:00,994.8211810017754
2024-02-13 13:00:00,974.745989104096
2024-02-13 14:00:00,919.5696863524026
2024-02-13 15:00:00,811.2868790531631
2024-02-13 16:00:00,871.0911297348891
2024-02-13 17:00:00,848.2175753666099
2024-02-13 18:00:00,781.2331189547141
2024-02-13 19:00:00,818.6889407453086
2024-02-13 20:00:00,841.6158248315945
2024-02-13 21:00:00,866.3988567374078
2024-02-13 22:00:00,883.4908453846373
2024-02-13 23:00:00,928.0874899413541
2024-02-14 00:00:00,999.2333778702566
2024-02-14 01:00:00,1086.945679598285
2024-02-14 02:00:00,1116.308004637833
2024-02-14 03:00:00,1130.3029262747264
2024-02-14 04:00:00,1196.356042076338
2024-02-14 05:00:00,1107.7288866389115
2024-02-14 06:00:00,1234.462971011163
2024-02-14 07:00:00,1140.9937518944707
2024-02-14 08:00:00,1162.3318525147938
2024-02-14 09:00:00,1107.8312593985252
2024-02-14 10:00:00,1061.1595557283729
2024-02-14 11:00:00,1086.5886126418598
2024-02-14 12:00:00,985.9689639606432
2024-02-14 13:00:00,958.6313074314173
2024-02-14 14:00:00,898.5923826336244
2024-02-14 15:00:00,872.8898685793843
2024-02-14 16:00:00,829.09957597492
2024-02-14 17:00:00,768.3250680165293
2024-02-14 18:00:00,829.8880045834142
2024-02-14 19:00:00,792.0021372473469
2024-02-14 20:00:00,780.0974622833198
2024-02-14 21:00:00,845.7351889337131
2024-02-14 22:00:00,945.0227937190292
2024-02-14 23:00:00,973.7428432429004
2024-02-15 00:00:00,989.5404359677642
2024-02-15 01:00:00,1041.2860778909512
2024-02-15 02:00:00,1090.3509484634785
2024-02-15 03:00:00,1203.7237957441348
2024-02-15 04:00:00,1184.6631443238343
2024-02-15 05:00:00,1206.0864146735457
2024-02-15 06:00:00,1230.9085036209553
2024-02-15 07:00:00,1200.348840028609
2024-02-15 08:00:00,1165.4338163822667
2024-02-15 09:00:00,1135.53086076476
2024-02-15 10:00:00,1097.8519622175781
2024-02-15 11:00:00,1050.6471419252089
2024-02-15 12:00:00,1021.8288863091094
2024-02-15 13:00:00,949.7945675537148
2024-02-15 14:00:00,921.9792023164674
2024-02-15 15:00:00,856.1571463594331
2024-02-15 16:00:00,829.153974952595
2024-02-15 17:00:00,746.8688142062231
2024-02-15 18:00:00,827.4898302410744
2024-02-15 19:00:00,817.2094890191262
2024-02-15 20:00:00,856.7352225389019
2024-02-15 21:00:00,771.6909824168798
2024-02-15 22:00:00,962.6512411434217
2024-02-15 23:00:00,944.0485021348404
2024-02-16 00:00:00,1033.2454845021255
2024-02-16 01:00:00,1020.5666312067382
2024-02-16 02:00:00,1118.383217151877
2024-02-16 03:00:00,1109.8188893420997
2024-02-16 04:00:00,1154.4920119360136
2024-02-16 05:00:00,1250.6061058738173
2024-02-16 06:00:00,1194.2795279770996
2024-02-16 07:00:00,1199.7081514532053
2024-02-16 08:00:00,1199.3071126775503
2024-02-16 09:00:00,1156.2918128764877
2024-02-16 10:00:00,1104.5125671543074
2024-02-16 11:00:00,1062.712639094491
2024-02-16 12:00:00,1072.1024675571482
2024-02-16 13:00:00,946.5076270684883
2024-02-16 14:00:00,906.032971401449
2024-02-16 15:00:00,890.0982756429189
2024-02-16 16:00:00,859.9606972318518
2024-02-16 17:00:00,842.4257439089978
2024-02-16 18:00:00,819.1619066608755
2024-02-16 19:00:00,772.5246873602719
2024-02-16 20:00:00,875.7978652121452
2024-02-16 21:00:00,824.1882819721299
2024-02-16 22:00:00,909.0790639571709
2024-02-16 23:00:00,925.607915478915
2024-02-17 00:00:00,998.0758496022103
2024-02-17 01:00:00,1061.6266813296086
2024-02-17 02:00:00,1109.6407164635082
2024-02-17 03:00:00,1154.078978864368
2024-02-17 04:00:00,1221.6164188286473
2024-02-17 05:00:00,1206.791194303233
2024-02-17 06:00:00,1192.6753009412805
2024-02-17 07:00:00,1222.1077803064643
2024-02-17 08:00:00,1208.8891954246271
2024-02-17 09:00:00,1104.5931217831996
2024-02-17 10:00:00,1117.9220020954958
2024-02-17 11:00:00,1072.798991289831
2024-02-17 12:00:00,991.0730948992002
2024-02-17 13:00:00,989.5073953788444
2024-02-17 14:00:00,895.4983323890242
2024-02-17 15:00:00,862.3459373668369
2024-02-17 16:00:00,821.6027645145962
2024-02-17 17:00:00,807.2822061696304
2024-02-17 18:00:00,767.1117473931439
2024-02-17 19:00:00,763.6133082643576
2024-02-17 20:00:00,874.6300711398615
2024-02-17 21:00:00,833.1698033131406
2024-02-17 22:00:00,870.2582295163106
2024-02-17 23:00:00,883.6344875713842
2024-02-18 00:00:00,980.8311475693149
2024-02-18 01:00:00,1012.0711152182791
2024-02-18 02:00:00,1149.260454804091
2024-02-18 03:00:00,1171.7158689175885
2024-02-18 04:00:00,1152.560570401556
2024-02-18 05:00:00,1260.758239418143
2024-02-18 06:00:00,1229.4529646097478
2024-02-18 07:00:00,1183.440223752555
2024-02-18 08:00:00,1098.2229093106807
2024-02-18 09:00:00,1210.1496334150318
2024-02-18 10:00:00,1058.3128259970922
2024-02-18 11:00:00,1002.4018466117974
2024-02-18 12:00:00,1030.6771129602892
2024-02-18 13:00:00,1021.4287631696741
2024-02-18 14:00:00,941.5281845553155
2024-02-18 15:00:00,875.4959173642613
2024-02-18 16:00:00,844.6375494930709
2024-02-18 17:00:00,832.4173015055956
2024-02-18 18:00:00,822.767857693603
2024-02-18 19:00:00,815.2505774612677
2024-02-18 20:00:00,829.9209523616686
2024-02-18 21:00:00,856.7008499257048
2024-02-18 22:00:00,877.3810623339996
2024-02-18 23:00:00,939.8159386734924
2024-02-19 00:00:00,949.2112955741384
2024-02-19 01:00:00,1048.8136202166615
2024-02-19 02:00:00,1070.3422667854725
2024-02-19 03:00:00,1108.3136767208364
2024-02-19 04:00:00,1178.6019052914921
2024-02-19 05:00:00,1234.9452338481517
2024-02-19 06:00:00,1227.5494981800693
2024-02-19 07:00:00,1146.0701471491184
2024-02-19 08:00:00,1143.5162366597776
2024-02-19 09:00:00,1169.644491876956
2024-02-19 10:00:00,1070.5253781938507
2024-02-19 11:00:00,1045.0248145205935
2024-02-19 12:00:00,1016.5015629707366
2024-02-19 13:00:00,919.1858573335868
2024-02-19 14:00:00,903.1612651843787
2024-02-19 15:00:00,818.5578789151444
2024-02-19 16:00:00,808.7538899245759
2024-02-19 17:00:00,816.4082927664624
2024-02-19 18:00:00,752.2101879940499
2024-02-19 19:00:00,820.0290768809983
2024-02-19 20:00:00,826.2057852753119
2024-02-19 21:00:00,875.153342395205
2024-02-19 22:00:00,906.7174240219397
2024-02-19 23:00:00,989.160403878711
2024-02-20 00:00:00,1003.7567350794372
2024-02-20 01:00:00,1038.8816427867466
2024-02-20 02:00:00,1103.6689250909685
2024-02-20 03:00:00,1157.7202971084012
2024-02-20 04:00:00,1174.670882866659
2024-02-20 05:00:00,1194.40291599393
2024-02-20 06:00:00,1178.9402493657974
2024-02-20 07:00:00,1173.2981377312851
2024-02-20 08:00:00,1131.126922602897
2024-02-20 09:00:00,1193.9086585329178
2024-02-20 10:00:00,1062.6841029382615
2024-02-20 11:00:00,1030.9766530866268
2024-02-20 12:00:00,978.4477820329241
2024-02-20 13:00:00,975.0839222878291
2024-02-20 14:00:00,891.1515096512392
2024-02-20 15:00:00,896.0109059429026
2024-02-20 16:00:00,806.5902005157963
2024-02-20 17:00:00,815.1846596089005
2024-02-20 18:00:00,774.9395884022073
2024-02-20 19:00:00,871.169308575388
2024-02-20 20:00:00,791.1669666722269
2024-02-20 21:00:00,867.8732650695013
2024-02-20 22:00:00,919.0133064279628
2024-02-20 23:00:00,960.6501639030406
2024-02-21 00:00:00,994.4413702336687
2024-02-21 01:00:00,1047.8691880285014
2024-02-21 02:00:00,1101.3143441593734
2024-02-21 03:00:00,1137.011296188455
2024-02-21 04:00:00,1202.1214542607352
2024-02-21 05:00:00,1259.500855305554
2024-02-21 06:00:00,1183.275246449765
2024-02-21 07:00:00,1152.0910758704413
2024-02-21 08:00:00,1170.55661930635
2024-02-21 09:00:00,1218.812636366939
2024-02-21 10:00:00,1075.889762960908
2024-02-21 11:00:00,1100.937313183826
2024-02-21 12:00:00,1050.3310244222932
2024-02-21 13:00:00,931.628543728256
2024-02-21 14:00:00,917.0694923755583
2024-02-21 15:00:00,907.4305424565467
2024-02-21 16:00:00,815.4210870134876
2024-02-21 17:00:00,800.7074239391155
2024-02-21 18:00:00,782.5495725815407
2024-02-21 19:00:00,776.3721328214003
2024-02-21 20:00:00,807.3165928911321
2024-02-21 21:00:00,821.8604357598228
2024-02-21 22:00:00,901.0225040477767
2024-02-21 23:00:00,925.1369940477364
2024-02-22 00:00:00,1007.0135773537224
2024-02-22 01:00:00,1005.0869396343953
2024-02-22 02:00:00,1109.9264069664337
2024-02-22 03:00:00,1166.4272250855772
2024-02-22 04:00:00,1113.3930114797442
2024-02-22 05:00:00,1204.4068623532407
2024-02-22 06:00:00,1236.8300697741988
2024-02-22 07:00:00,1156.8959346970776
2024-02-22 08:00:00,1223.382252362019
2024-02-22 09:00:00,1153.991926518291
2024-02-22 10:00:00,1078.8496443272477
2024-02-22 11:00:00,1050.090736690773
2024-02-22 12:00:00,1016.7498073756517
2024-02-22 13:00:00,950.5163527218682
2024-02-22 14:00:00,916.1626797733911
2024-02-22 15:00:00,830.9584359703097
2024-02-22 16:00:00,831.8757439641946
2024-02-22 17:00:00,764.4033998350369
2024-02-22 18:00:00,796.663218159539
2024-02-22 19:00:00,779.6976054982426
2024-02-22 20:00:00,804.7290209654193
2024-02-22 21:00:00,895.6614390190036
2024-02-22 22:00:00,932.739303617828
2024-02-22 23:00:00,966.5103346067109
2024-02-23 00:00:00,967.2306170598226
2024-02-23 01:00:00,1042.2715555296602
2024-02-23 02:00:00,1136.3929309993755
2024-02-23 03:00:00,1145.6728636465066
2024-02-23 04:00:00,1242.7849669563386
2024-02-23 05:00:00,1204.9847004396447
2024-02-23 06:00:00,1205.761473494701
2024-02-23 07:00:00,1183.9116713317387
2024-02-23 08:00:00,1177.2113079003564
2024-02-23 09:00:00,1136.8472611458933
2024-02-23 10:00:00,1121.2432603006578
2024-02-23 11:00:00,1080.4648785243417
2024-02-23 12:00:00,976.4203161847615
2024-02-23 13:00:00,908.2992023727625
2024-02-23 14:00:00,844.9138388069011
2024-02-23 15:00:00,873.8183835700669
2024-02-23 16:00:00,793.6939210578961
2024-02-23 17:00:00,742.2281169536119
2024-02-23 18:00:00,811.6573581359289
2024-02-23 19:00:00,881.60482026517
2024-02-23 20:00:00,826.6127918969155
2024-02-23 21:00:00,883.7333669962397
2024-02-23 22:00:00,902.4548807564269
2024-02-23 23:00:00,945.2695013837614
2024-02-24 00:00:00,1027.5722944896331
2024-02-24 01:00:00,1043.0555726948446
2024-02-24 02:00:00,1108.0217694221571
2024-02-24 03:00:00,1151.07229042319
2024-02-24 04:00:00,1153.1623671475963
2024-02-24 05:00:00,1222.9464357439094
2024-02-24 06:00:00,1194.7512072991378
2024-02-24 07:00:00,1170.5128104730284
2024-02-24 08:00:00,1189.300376064
2024-02-24 09:00:00,1114.4673167835783
2024-02-24 10:00:00,1100.8454347210738
2024-02-24 11:00:00,1051.490239121178
2024-02-24 12:00:00,1032.5768669749473
2024-02-24 13:00:00,962.4771379658945
2024-02-24 14:00:00,899.2491912376457
2024-02-24 15:00:00,883.1116327386992
2024-02-24 16:00:00,868.5011457136317
2024-02-24 17:00:00,823.5491439327423
2024-02-24 18:00:00,800.3105785953014
2024-02-24 19:00:00,767.4597477716816
2024-02-24 20:00:00,794.8415093508511
2024-02-24 21:00:00,849.4219026320504
2024-02-24 22:00:00,881.7146339352214
2024-02-24 23:00:00,942.6270518899322
2024-02-25 00:00:00,1001.6994977469133
2024-02-25 01:00:00,1067.6545916512061
2024-02-25 02:00:00,1097.8850366582274
2024-02-25 03:00:00,1156.0164055520956
2024-02-25 04:00:00,1175.1393132011915
2024-02-25 05:00:00,1133.9211682671976
2024-02-25 06:00:00,1171.8199381854374
2024-02-25 07:00:00,1188.862538586165
2024-02-25 08:00:00,1136.9142384716547
2024-02-25 09:00:00,1159.4192181371957
2024-02-25 10:00:00,1145.9225249703109
2024-02-25 11:00:00,1088.3266645714236
2024-02-25 12:00:00,993.5967138720938
2024-02-25 13:00:00,992.9579750849945
2024-02-25 14:00:00,904.4600237160633
2024-02-25 15:00:00,848.4660646291494
2024-02-25 16:00:00,808.3928393368841
2024-02-25 17:00:00,797.7407441475425
2024-02-25 18:00:00,788.3546954437631
2024-02-25 19:00:00,811.927321413451
2024-02-25 20:00:00,831.6121386746082
2024-02-25 21:00:00,858.670024367293
2024-02-25 22:00:00,913.1081450923904
2024-02-25 23:00:00,983.9555792230859
2024-02-26 00:00:00,1028.4866240632398
2024-02-26 01:00:00,1007.216869967007
2024-02-26 02:00:00,1023.3823659529413
2024-02-26 03:00:00,1169.4509535744878
2024-02-26 04:00:00,1132.198719804425
2024-02-26 05:00:00,1186.4422032010332
2024-02-26 06:00:00,1164.8966092182193
2024-02-26 07:00:00,1139.125752130413
2024-02-26 08:00:00,1189.4489626030315
2024-02-26 09:00:00,1164.196011046389
2024-02-26 10:00:00,1082.7046879781983
2024-02-26 11:00:00,974.0325402561568
2024-02-26 12:00:00,983.6126665524255
2024-02-26 13:00:00,959.9903111415723
2024-02-26 14:00:00,855.6326529367761
2024-02-26 15:00:00,864.0794413560652
2024-02-26 16:00:00,826.3356237679225
2024-02-26 17:00:00,824.193579730219
2024-02-26 18:00:00,803.5874110524246
2024-02-26 19:00:00,777.6227665157397
2024-02-26 20:00:00,862.692064293047
2024-02-26 21:00:00,853.8227565718814
2024-02-26 22:00:00,899.180863814702
2024-02-26 23:00:00,920.2381522072998
2024-02-27 00:00:00,986.7015324642547
2024-02-27 01:00:00,1025.219727599697
2024-02-27 02:00:00,1094.8116182022973
2024-02-27 03:00:00,1192.7726106415798
2024-02-27 04:00:00,1132.0480464689472
2024-02-27 05:00:00,1144.7783233215114
2024-02-27 06:00:00,1244.1351098248083
2024-02-27 07:00:00,1186.9054549432576
2024-02-27 08:00:00,1153.1328985970904
2024-02-27 09:00:00,1172.6184968591917
2024-02-27 10:00:00,1081.8315338078942
2024-02-27 11:00:00,1106.5441004269123
2024-02-27 12:00:00,1020.3377761401781
2024-02-27 13:00:00,933.5988487351248
2024-02-27 14:00:00,964.7192463979651
2024-02-27 15:00:00,840.4071960725904
2024-02-27 16:00:00,849.0577804033915
2024-02-27 17:00:00,815.7936121543811
2024-02-27 18:00:00,839.0522386819639
2024-02-27 19:00:00,853.6601706439919
2024-02-27 20:00:00,827.7550437150853
2024-02-27 21:00:00,835.976107652305
2024-02-27 22:00:00,913.7991642881734
2024-02-27 23:00:00,927.9047298869325
2024-02-28 00:00:00,1060.4016174257986
2024-02-28 01:00:00,1055.8598689529863
2024-02-28 02:00:00,1089.0403534606367
2024-02-28 03:00:00,1146.9617654132567
2024-02-28 04:00:00,1132.7912920709969
2024-02-28 05:00:00,1164.0367441024941
2024-02-28 06:00:00,1236.0124172383328
2024-02-28 07:00:00,1173.4783368886717
2024-02-28 08:00:00,1141.7977512764296
2024-02-28 09:00:00,1157.5209388131282
2024-02-28 10:00:00,1135.5711246398898
2024-02-28 11:00:00,1073.3324083404561
2024-02-28 12:00:00,1029.8814305741746
2024-02-28 13:00:00,925.532338322412
2024-02-28 14:00:00,857.3456799977447
2024-02-28 15:00:00,903.6186533213552
2024-02-28 16:00:00,817.1145240778483
2024-02-28 17:00:00,799.2898442485349
2024-02-28 18:00:00,839.8458242554717
2024-02-28 19:00:00,823.5017350242061
2024-02-28 20:00:00,840.4715524055605
2024-02-28 21:00:00,923.5287141097231
2024-02-28 22:00:00,880.6944530885957
2024-02-28 23:00:00,976.0713948219327
2024-02-29 00:00:00,1001.7103937469126
2024-02-29 01:00:00,1059.821577386402
2024-02-29 02:00:00,1145.854052792376
2024-02-29 03:00:00,1156.6564289259982
2024-02-29 04:00:00,1189.3539631283768
2024-02-29 05:00:00,1225.3603853771078
2024-02-29 06:00:00,1189.0514181137135
2024-02-29 07:00:00,1168.0088752376435
2024-02-29 08:00:00,1141.8608049362567
2024-02-29 09:00:00,1082.4306585560294
2024-02-29 10:00:00,1161.6862138982096
2024-02-29 11:00:00,1018.6675580488536
2024-02-29 12:00:00,993.3623912924269
2024-02-29 13:00:00,939.9317919828283
2024-02-29 14:00:00,909.222200934273
2024-02-29 15:00:00,883.0507601388695
2024-02-29 16:00:00,852.6091238939047
2024-02-29 17:00:00,789.3225115851181
2024-02-29 18:00:00,794.9863485864076
2024-02-29 19:00:00,815.2922332568353
2024-02-29 20:00:00,819.3341854576059
2024-02-29 21:00:00,906.7990110432903
2024-02-29 22:00:00,914.7292485491474
2024-02-29 23:00:00,970.2825245609902
2024-03-01 00:00:00,1019.8864380600223
2024-03-01 01:00:00,1086.968024745064
2024-03-01 02:00:00,1105.4306467611111
2024-03-01 03:00:00,1102.5163977986342
2024-03-01 04:00:00,1185.195719309467
2024-03-01 05:00:00,1173.6444584440587
2024-03-01 06:00:00,1184.1414995475072
2024-03-01 07:00:00,1210.7760858204665
2024-03-01 08:00:00,1210.3535728998968
2024-03-01 09:00:00,1142.0595035393915
2024-03-01 10:00:00,1109.2649903779688
2024-03-01 11:00:00,1102.8302573595613
2024-03-01 12:00:00,1007.2225953846571
2024-03-01 13:00:00,1026.2866844049076
2024-03-01 14:00:00,916.9652893689463
2024-03-01 15:00:00,805.755760988016
2024-03-01 16:00:00,849.3951678762483
2024-03-01 17:00:00,818.2495862886697
2024-03-01 18:00:00,838.6925826224824
2024-03-01 19:00:00,827.0102752802851
2024-03-01 20:00:00,822.6412397235991
2024-03-01 21:00:00,821.8496966740095
2024-03-01 22:00:00,893.7293022814191
2024-03-01 23:00:00,922.7205773532166
2024-03-02 00:00:00,982.5842965058583
2024-03-02 01:00:00,1069.4211611531225
2024-03-02 02:00:00,1150.0971351305423
2024-03-02 03:00:00,1153.261502131999
2024-03-02 04:00:00,1137.3285888958324
2024-03-02 05:00:00,1206.523245304418
2024-03-02 06:00:00,1235.8989445993695
2024-03-02 07:00:00,1174.8916781282321
2024-03-02 08:00:00,1169.1845657567003
2024-03-02 09:00:00,1141.8620020791855
2024-03-02 10:00:00,1076.4530506075328
2024-03-02 11:00:00,1071.2122220358199
2024-03-02 12:00:00,996.3715555417665
2024-03-02 13:00:00,960.8221642967067
2024-03-02 14:00:00,873.375234665937
2024-03-02 15:00:00,845.4548947529883
2024-03-02 16:00:00,848.4663599779454
2024-03-02 17:00:00,795.6298401794334
2024-03-02 18:00:00,851.8089155370021
2024-03-02 19:00:00,794.8257491737482
2024-03-02 20:00:00,833.5354610156688
2024-03-02 21:00:00,886.5563687188832
2024-03-02 22:00:00,857.449028012009
2024-03-02 23:00:00,895.4119266200723
2024-03-03 00:00:00,954.2303105628971
2024-03-03 01:00:00,1089.6413321233197
2024-03-03 02:00:00,1083.4442556232266
2024-03-03 03:00:00,1218.167334807357
2024-03-03 04:00:00,1156.2776527971662
2024-03-03 05:00:00,1198.7217043537248
2024-03-03 06:00:00,1246.2632985770363
2024-03-03 07:00:00,1253.3679519025873
2024-03-03 08:00:00,1235.0501880559798
2024-03-03 09:00:00,1177.6723431551038
2024-03-03 10:00:00,1130.721875774344
2024-03-03 11:00:00,1069.5396174965397
2024-03-03 12:00:00,1023.3508322849991
2024-03-03 13:00:00,931.7006194896398
2024-03-03 14:00:00,875.4540334973308
2024-03-03 15:00:00,858.4774100403621
2024-03-03 16:00:00,821.6893805673644
2024-03-03 17:00:00,793.217993262368
2024-03-03 18:00:00,820.8916234237015
2024-03-03 19:00:00,835.4739909993017
2024-03-03 20:00:00,829.4471258318678
2024-03-03 21:00:00,902.9045461943483
2024-03-03 22:00:00,865.7493265759947
2024-03-03 23:00:00,942.4264072011041
2024-03-04 00:00:00,978.4953303819159
2024-03-04 01:00:00,995.7677105083123
2024-03-04 02:00:00,1097.519579424719
2024-03-04 03:00:00,1137.768930985811
2024-03-04 04:00:00,1218.6085730541517
2024-03-04 05:00:00,1212.109515794457
2024-03-04 06:00:00,1169.274395270124
2024-03-04 07:00:00,1248.8079422478393
2024-03-04 08:00:00,1209.8360916226484
2024-03-04 09:00:00,1158.884287341368
2024-03-04 10:00:00,1093.205477034505
2024-03-04 11:00:00,1022.9806319187998
2024-03-04 12:00:00,988.8337967178684
2024-03-04 13:00:00,980.8986495706214
2024-03-04 14:00:00,956.5375891780383
2024-03-04 15:00:00,904.8759496108563
2024-03-04 16:00:00,812.1294365895241
2024-03-04 17:00:00,773.226311743516
2024-03-04 18:00:00,804.2265874073361
2024-03-04 19:00:00,753.7616537753008
2024-03-04 20:00:00,836.4899506686558
2024-03-04 21:00:00,854.1505661737305
2024-03-04 22:00:00,886.0189049439526
2024-03-04 23:00:00,900.3950989614917
2024-03-05 00:00:00,1015.4080031970915
2024-03-05 01:00:00,1035.7827838306468
2024-03-05 02:00:00,1064.9024949286913
2024-03-05 03:00:00,1055.25348983886
2024-03-05 04:00:00,1172.3796336053688
2024-03-05 05:00:00,1246.352713157906
2024-03-05 06:00:00,1249.8377764364361
2024-03-05 07:00:00,1179.4722775602254
2024-03-05 08:00:00,1155.1387189460345
2024-03-05 09:00:00,1155.4845839195602
2024-03-05 10:00:00,1070.0484368243513
2024-03-05 11:00:00,1060.8175660150882
2024-03-05 12:00:00,1022.9824083515407
2024-03-05 13:00:00,985.0441876960251
2024-03-05 14:00:00,896.9953777056014
2024-03-05 15:00:00,852.4684312573817
2024-03-05 16:00:00,800.4554416404155
2024-03-05 17:00:00,782.0084241209905
2024-03-05 18:00:00,793.2056332429541
2024-03-05 19:00:00,817.8357999466717
2024-03-05 20:00:00,854.2024580301098
2024-03-05 21:00:00,834.4832752422801
2024-03-05 22:00:00,944.7806570687856
2024-03-05 23:00:00,940.1024829482186
2024-03-06 00:00:00,999.358981169547
2024-03-06 01:00:00,1029.3474586460695
2024-03-06 02:00:00,1027.2727921918117
2024-03-06 03:00:00,1167.942718128141
2024-03-06 04:00:00,1195.310397669661
2024-03-06 05:00:00,1184.7453385442673
2024-03-06 06:00:00,1202.0097215167461
2024-03-06 07:00:00,1208.6633417889366
2024-03-06 08:00:00,1126.3287050502915
2024-03-06 09:00:00,1125.5497759169207
2024-03-06 10:00:00,1123.8279403886547
2024-03-06 11:00:00,1014.1351263254267
2024-03-06 12:00:00,1008.8067379649989
2024-03-06 13:00:00,907.5387368407937
2024-03-06 14:00:00,913.9928994730058
2024-03-06 15:00:00,857.5093992937661
2024-03-06 16:00:00,778.340964765947
2024-03-06 17:00:00,841.7570153759015
2024-03-06 18:00:00,777.9622526960585
2024-03-06 19:00:00,782.5072616317549
2024-03-06 20:00:00,832.8119951600406
2024-03-06 21:00:00,893.0377642455519
2024-03-06 22:00:00,869.525345430648
2024-03-06 23:00:00,950.0865864749347
2024-03-07 00:00:00,1012.8644950099172
2024-03-07 01:00:00,1072.5569772383985
2024-03-07 02:00:00,1105.2932466583168
2024-03-07 03:00:00,1130.41052106481
2024-03-07 04:00:00,1148.3773741374262
2024-03-07 05:00:00,1195.769481749205
2024-03-07 06:00:00,1167.8358296404317
2024-03-07 07:00:00,1105.5446507529755
2024-03-07 08:00:00,1186.3018748816178
2024-03-07 09:00:00,1168.5394014698954
2024-03-07 10:00:00,1029.1120269337448
2024-03-07 11:00:00,1021.4718878792061
2024-03-07 12:00:00,1018.5746278301559
2024-03-07 13:00:00,1009.9610550708468
2024-03-07 14:00:00,900.6238112302623
2024-03-07 15:00:00,836.7385555258165
2024-03-07 16:00:00,821.3080260099671
2024-03-07 17:00:00,848.0611273166319
2024-03-07 18:00:00,780.621074626264
2024-03-07 19:00:00,782.8390745426788
2024-03-07 20:00:00,812.3126135776513
2024-03-07 21:00:00,829.9787855149291
2024-03-07 22:00:00,903.6801094798437
2024-03-07 23:00:00,996.9765447335825
2024-03-08 00:00:00,1009.6923781934809
2024-03-08 01:00:00,1044.1932039567155
2024-03-08 02:00:00,1091.2456619325337
2024-03-08 03:00:00,1094.5256319764098
2024-03-08 04:00:00,1199.6983740713026
2024-03-08 05:00:00,1190.8500493474296
2024-03-08 06:00:00,1194.5856025922812
2024-03-08 07:00:00,1288.9783922931595
2024-03-08 08:00:00,1182.1676680078583
2024-03-08 09:00:00,1118.867624734454
2024-03-08 10:00:00,1087.2092721138338
2024-03-08 11:00:00,1086.2171802964067
2024-03-08 12:00:00,1003.3981123161329
2024-03-08 13:00:00,905.0878516299748
2024-03-08 14:00:00,927.5768680372561
2024-03-08 15:00:00,838.5343211965208
2024-03-08 16:00:00,882.9938525296386
2024-03-08 17:00:00,839.2162767136258
2024-03-08 18:00:00,786.5803431302375
2024-03-08 19:00:00,845.2453255942397
2024-03-08 20:00:00,828.8305845589344
2024-03-08 21:00:00,884.1618540163571
2024-03-08 22:00:00,914.5419845188342
2024-03-08 23:00:00,922.8454913297694
2024-03-09 00:00:00,980.6935050304761
2024-03-09 01:00:00,1082.6626335479389
2024-03-09 02:00:00,1089.9567400368037
2024-03-09 03:00:00,1129.3119023400495
2024-03-09 04:00:00,1144.5514033764073
2024-03-09 05:00:00,1205.8931372256175
2024-03-09 06:00:00,1261.8757475772943
2024-03-09 07:00:00,1161.1591778301854
2024-03-09 08:00:00,1173.9316644570706
2024-03-09 09:00:00,1183.7879728997723
2024-03-09 10:00:00,1097.6107582626285
2024-03-09 11:00:00,1065.3349629079962
2024-03-09 12:00:00,968.1281941555936
2024-03-09 13:00:00,961.0854038957253
2024-03-09 14:00:00,894.3856720498635
2024-03-09 15:00:00,888.1505436330865
2024-03-09 16:00:00,862.4165007900548
2024-03-09 17:00:00,884.5017440027448
2024-03-09 18:00:00,817.3889951964072
2024-03-09 19:00:00,816.5887242396514
2024-03-09 20:00:00,832.6264482904323
2024-03-09 21:00:00,847.9836549783698
2024-03-09 22:00:00,910.1545153038506
2024-03-09 23:00:00,939.3741486753247
2024-03-10 00:00:00,1005.0538292880884
2024-03-10 01:00:00,1091.2917350887428
2024-03-10 02:00:00,1069.8037230416107
2024-03-10 03:00:00,1175.6177130711808
2024-03-10 04:00:00,1212.7185327770837
2024-03-10 05:00:00,1189.6431094480813
2024-03-10 06:00:00,1136.3443530297423
2024-03-10 07:00:00,1174.9505056449807
2024-03-10 08:00:00,1212.114917153721
2024-03-10 09:00:00,1140.735314368343
2024-03-10 10:00:00,1070.0209330311527
2024-03-10 11:00:00,1036.6205613836576
2024-03-10 12:00:00,1025.2186007951366
2024-03-10 13:00:00,964.6381980255372
2024-03-10 14:00:00,892.8320370249091
2024-03-10 15:00:00,847.57391140825
2024-03-10 16:00:00,815.0421747717976
2024-03-10 17:00:00,779.1425292072313
2024-03-10 18:00:00,848.4612706840833
2024-03-10 19:00:00,797.1452206658462
2024-03-10 20:00:00,863.3096748678772
2024-03-10 21:00:00,904.218125320364
2024-03-10 22:00:00,929.9493269444387
2024-03-10 23:00:00,935.2875815979542
2024-03-11 00:00:00,1012.1119027100983
2024-03-11 01:00:00,1051.0379408287768
2024-03-11 02:00:00,1072.8889441780962
2024-03-11 03:00:00,1151.1521346889576
2024-03-11 04:00:00,1137.8338870220937
2024-03-11 05:00:00,1228.8155469116605
2024-03-11 06:00:00,1186.0614810810482
2024-03-11 07:00:00,1199.219954933999
2024-03-11 08:00:00,1181.7037169032722
2024-03-11 09:00:00,1133.6542070261871
2024-03-11 10:00:00,1117.6008140442582
2024-03-11 11:00:00,1037.5166993218284
2024-03-11 12:00:00,1026.1389189237173
2024-03-11 13:00:00,907.8568005720934
2024-03-11 14:00:00,903.7913873863923
2024-03-11 15:00:00,916.7465137344392
2024-03-11 16:00:00,796.7849795049451
2024-03-11 17:00:00,786.4824856264408
2024-03-11 18:00:00,815.4172354897674
2024-03-11 19:00:00,812.2022882003743
2024-03-11 20:00:00,837.3138222213191
2024-03-11 21:00:00,873.2542576671204
2024-03-11 22:00:00,919.041644056853
2024-03-11 23:00:00,981.5271862381824
2024-03-12 00:00:00,1012.2945597078553
2024-03-12 01:00:00,1044.526079381948
2024-03-12 02:00:00,1120.1772110360819
2024-03-12 03:00:00,1198.417814284166
2024-03-12 04:00:00,1169.2260683654106
2024-03-12 05:00:00,1163.9492861176943
2024-03-12 06:00:00,1233.2124200786093
2024-03-12 07:00:00,1189.5737303392057
2024-03-12 08:00:00,1108.0249943764668
2024-03-12 09:00:00,1166.844006551822
2024-03-12 10:00:00,1083.9401544213824
2024-03-12 11:00:00,1049.0478105513794
2024-03-12 12:00:00,1009.9594099170705
2024-03-12 13:00:00,953.9511813728678
2024-03-12 14:00:00,921.2835545141712
2024-03-12 15:00:00,845.5140526455953
2024-03-12 16:00:00,842.1880931883948
2024-03-12 17:00:00,799.0284344146688
2024-03-12 18:00:00,822.1643144266251
2024-03-12 19:00:00,825.2758592625779
2024-03-12 20:00:00,798.7317581817745
2024-03-12 21:00:00,891.1581072479414
2024-03-12 22:00:00,883.9210966465785
2024-03-12 23:00:00,972.47792492793
2024-03-13 00:00:00,1011.0186194020403
2024-03-13 01:00:00,1106.9093193243577
2024-03-13 02:00:00,1093.2960205288443
2024-03-13 03:00:00,1130.9418523537636
2024-03-13 04:00:00,1172.6224925802558
2024-03-13 05:00:00,1184.0897717727853
2024-03-13 06:00:00,1223.9982570582615
2024-03-13 07:00:00,1144.695847004716
2024-03-13 08:00:00,1141.5946081824973
2024-03-13 09:00:00,1109.3872685899337
2024-03-13 10:00:00,1128.5092277592073
2024-03-13 11:00:00,1103.082210197962
2024-03-13 12:00:00,996.8665234438758
2024-03-13 13:00:00,943.1715392837956
2024-03-13 14:00:00,902.1015648933954
2024-03-13 15:00:00,893.4349928409363
2024-03-13 16:00:00,798.9743252173951
2024-03-13 17:00:00,813.9659042242299
2024-03-13 18:00:00,829.2559288934729
2024-03-13 19:00:00,821.8476598403817
2024-03-13 20:00:00,832.4823677410747
2024-03-13 21:00:00,888.6100265397047
2024-03-13 22:00:00,818.9030312100227
2024-03-13 23:00:00,968.5724505654229
2024-03-14 00:00:00,980.3777295061773
2024-03-14 01:00:00,996.8448221148104
2024-03-14 02:00:00,1115.3360779857494
2024-03-14 03:00:00,1182.6311125921982
2024-03-14 04:00:00,1169.0816253180571
2024-03-14 05:00:00,1221.771401673902
2024-03-14 06:00:00,1248.3683477396594
2024-03-14 07:00:00,1232.632598865335
2024-03-14 08:00:00,1222.4040166380296
2024-03-14 09:00:00,1163.6851809694663
2024-03-14 10:00:00,1102.2630091670478
2024-03-14 11:00:00,1003.704834663589
2024-03-14 12:00:00,992.6181253561016
2024-03-14 13:00:00,922.9387931200101
2024-03-14 14:00:00,965.1282815249344
2024-03-14 15:00:00,853.3020693897205
2024-03-14 16:00:00,830.4910634466469
2024-03-14 17:00:00,823.3593960234003
2024-03-14 18:00:00,801.3080733911736
2024-03-14 19:00:00,857.666365955109
2024-03-14 20:00:00,808.1154383910788
2024-03-14 21:00:00,864.4168674198078
2024-03-14 22:00:00,877.7258824290584
2024-03-14 23:00:00,908.6355156428745
2024-03-15 00:00:00,981.6469272728415
2024-03-15 01:00:00,1050.6527051090518
2024-03-15 02:00:00,1087.1209332644821
2024-03-15 03:00:00,1120.6487268410938
2024-03-15 04:00:00,1131.0155568467328
2024-03-15 05:00:00,1190.6919980789528
2024-03-15 06:00:00,1154.8583887790699
2024-03-15 07:00:00,1215.9868441685016
2024-03-15 08:00:00,1175.678273344923
2024-03-15 09:00:00,1097.6948112533616
2024-03-15 10:00:00,1090.7237276885041
2024-03-15 11:00:00,1029.1991168527866
2024-03-15 12:00:00,1009.5752353125754
2024-03-15 13:00:00,988.4497043601903
2024-03-15 14:00:00,843.7448259106277
2024-03-15 15:00:00,862.0294261371131
2024-03-15 16:00:00,821.990935376113
2024-03-15 17:00:00,826.9550370357003
2024-03-15 18:00:00,806.3958988471306
2024-03-15 19:00:00,784.2557547900218
2024-03-15 20:00:00,817.2233011731138
2024-03-15 21:00:00,834.6978680585859
2024-03-15 22:00:00,932.2802141579579
2024-03-15 23:00:00,948.875540439654
2024-03-16 00:00:00,1057.0357205725902
2024-03-16 01:00:00,1049.9439846060654
2024-03-16 02:00:00,1078.747796992686
2024-03-16 03:00:00,1096.0099244589246
2024-03-16 04:00:00,1119.1108904692094
2024-03-16 05:00:00,1145.661086967649
2024-03-16 06:00:00,1208.0137995303446
2024-03-16 07:00:00,1208.4469159547116
2024-03-16 08:00:00,1125.7693596959239
2024-03-16 09:00:00,1168.272505659593
2024-03-16 10:00:00,1085.508168449497
2024-03-16 11:00:00,1056.1675993800707
2024-03-16 12:00:00,1048.3666188476627
2024-03-16 13:00:00,975.1413704554618
2024-03-16 14:00:00,891.944080562825
2024-03-16 15:00:00,831.842877000232
2024-03-16 16:00:00,762.2404572032332
2024-03-16 17:00:00,785.2402351649138
2024-03-16 18:00:00,793.6660928351691
2024-03-16 19:00:00,777.1994489276508
2024-03-16 20:00:00,822.8572102303432
2024-03-16 21:00:00,860.8842002514535
2024-03-16 22:00:00,893.2543205457575
2024-03-16 23:00:00,928.7361135547918
2024-03-17 00:00:00,1005.0596401590018
2024-03-17 01:00:00,1065.0220285075864
2024-03-17 02:00:00,1067.2880276767146
2024-03-17 03:00:00,1183.7493276296975
2024-03-17 04:00:00,1170.24743678836
2024-03-17 05:00:00,1193.750653946159
2024-03-17 06:00:00,1221.2464326976967
2024-03-17 07:00:00,1200.1816491957186
2024-03-17 08:00:00,1201.7991797742852
2024-03-17 09:00:00,1150.0350811933642
2024-03-17 10:00:00,1081.626878760787
2024-03-17 11:00:00,1062.6089147766872
2024-03-17 12:00:00,965.6882137803801
2024-03-17 13:00:00,951.4929821527916
2024-03-17 14:00:00,899.0031002806662
2024-03-17 15:00:00,852.3351380445145
2024-03-17 16:00:00,822.9387938999444
2024-03-17 17:00:00,750.3593633772572
2024-03-17 18:00:00,783.5382527677712
2024-03-17 19:00:00,809.6001817764198
2024-03-17 20:00:00,831.5906110030343
2024-03-17 21:00:00,827.7483895349118
2024-03-17 22:00:00,937.9712352259409
2024-03-17 23:00:00,922.2509455330606
2024-03-18 00:00:00,1029.083716015802
2024-03-18 01:00:00,1064.5796398766547
2024-03-18 02:00:00,1080.6131807046859
2024-03-18 03:00:00,1194.680683015595
2024-03-18 04:00:00,1137.3959758041933
2024-03-18 05:00:00,1220.7597904661136
2024-03-18 06:00:00,1230.0174695412893
2024-03-18 07:00:00,1173.0665589855143
2024-03-18 08:00:00,1214.9790397588176
2024-03-18 09:00:00,1133.919960799341
2024-03-18 10:00:00,1108.6608088783958
2024-03-18 11:00:00,1059.5734641836407
2024-03-18 12:00:00,995.9707377558835
2024-03-18 13:00:00,972.5604391742893
2024-03-18 14:00:00,923.8046616165664
2024-03-18 15:00:00,806.1226845655452
2024-03-18 16:00:00,865.9251265294569
2024-03-18 17:00:00,756.9400751011161
2024-03-18 18:00:00,830.9763861302497
2024-03-18 19:00:00,840.6159888470138
2024-03-18 20:00:00,794.0659263366564
2024-03-18 21:00:00,846.254215124053
2024-03-18 22:00:00,866.8288599454218
2024-03-18 23:00:00,941.7885600708336
2024-03-19 00:00:00,990.7589714744278
2024-03-19 01:00:00,1075.1536249885844
2024-03-19 02:00:00,1139.3092623835882
2024-03-19 03:00:00,1183.2918705610082
2024-03-19 04:00:00,1156.3400399595387
2024-03-19 05:00:00,1186.9085090454778
2024-03-19 06:00:00,1149.4968542333716
2024-03-19 07:00:00,1169.009063262928
2024-03-19 08:00:00,1202.1506297498115
2024-03-19 09:00:00,1189.8888409437563
2024-03-19 10:00:00,1062.9695338436024
2024-03-19 11:00:00,1033.9898812459173
2024-03-19 12:00:00,999.2078272912322
2024-03-19 13:00:00,956.641025744084
2024-03-19 14:00:00,875.7118944023506
2024-03-19 15:00:00,871.3004750966132
2024-03-19 16:00:00,812.5797388309849
2024-03-19 17:00:00,806.381266615838
2024-03-19 18:00:00,816.388527440111
2024-03-19 19:00:00,807.0075028365145
2024-03-19 20:00:00,813.7033425273153
2024-03-19 21:00:00,855.2903496449155
2024-03-19 22:00:00,897.3491112238398
2024-03-19 23:00:00,937.1358600830318
2024-03-20 00:00:00,992.2361181199869
2024-03-20 01:00:00,1099.7232241356458
2024-03-20 02:00:00,1116.827583438237
2024-03-20 03:00:00,1132.5569466964348
2024-03-20 04:00:00,1194.1137128922098
2024-03-20 05:00:00,1183.1705805651334
2024-03-20 06:00:00,1235.1937391275992
2024-03-20 07:00:00,1204.2744310237565
2024-03-20 08:00:00,1169.986016436761
2024-03-20 09:00:00,1154.8528640116178
2024-03-20 10:00:00,1052.873715437945
2024-03-20 11:00:00,1017.96078495321
2024-03-20 12:00:00,964.1822498080284
2024-03-20 13:00:00,952.5244838224071
2024-03-20 14:00:00,951.9754499845527
2024-03-20 15:00:00,925.5176481484696
2024-03-20 16:00:00,845.936452286335
2024-03-20 17:00:00,821.84016899052
2024-03-20 18:00:00,745.9682679754178
2024-03-20 19:00:00,790.5346207501657
2024-03-20 20:00:00,803.1614066858651
2024-03-20 21:00:00,839.953215815157
2024-03-20 22:00:00,894.9556854424562
2024-03-20 23:00:00,934.0734736485819
2024-03-21 00:00:00,940.6210056887264
2024-03-21 01:00:00,1074.2011167040303
2024-03-21 02:00:00,1067.8177092278058
2024-03-21 03:00:00,1148.598762160644
2024-03-21 04:00:00,1235.427560849387
2024-03-21 05:00:00,1165.603627510221
2024-03-21 06:00:00,1124.0913743176102
2024-03-21 07:00:00,1184.6050386014103
2024-03-21 08:00:00,1206.233869806845
2024-03-21 09:00:00,1200.1717798639274
2024-03-21 10:00:00,1063.1135121664274
2024-03-21 11:00:00,1066.6647857176
2024-03-21 12:00:00,986.0406862965984
2024-03-21 13:00:00,945.0577403503718
2024-03-21 14:00:00,979.3303004105111
2024-03-21 15:00:00,813.489533910836
2024-03-21 16:00:00,834.4071090879495
2024-03-21 17:00:00,820.8456298951494
2024-03-21 18:00:00,832.5735897481804
2024-03-21 19:00:00,809.7543293463132
2024-03-21 20:00:00,836.0364354282353
2024-03-21 21:00:00,846.8291867400368
2024-03-21 22:00:00,908.0738082373531
2024-03-21 23:00:00,937.9404227145733
2024-03-22 00:00:00,1018.6471566956815
2024-03-22 01:00:00,1040.6754989391952
2024-03-22 02:00:00,1111.3130118170657
2024-03-22 03:00:00,1140.5434718267602
2024-03-22 04:00:00,1206.986588280053
2024-03-22 05:00:00,1191.643353550159
2024-03-22 06:00:00,1146.8090259537935
2024-03-22 07:00:00,1231.0428102792334
2024-03-22 08:00:00,1146.0331117310093
2024-03-22 09:00:00,1121.808366077845
2024-03-22 10:00:00,1082.1301611786953
2024-03-22 11:00:00,1092.9969518156286
2024-03-22 12:00:00,935.9297735806391
2024-03-22 13:00:00,1042.3686469892957
2024-03-22 14:00:00,931.6817042719815
2024-03-22 15:00:00,865.2758111865654
2024-03-22 16:00:00,825.1480992246237
2024-03-22 17:00:00,815.3814569879161
2024-03-22 18:00:00,815.6336728513802
2024-03-22 19:00:00,826.171302320688
2024-03-22 20:00:00,843.4630532232158
2024-03-22 21:00:00,861.266064200348
2024-03-22 22:00:00,894.0798473907801
2024-03-22 23:00:00,943.6979924698903
2024-03-23 00:00:00,994.1527515894196
2024-03-23 01:00:00,1085.776911926516
2024-03-23 02:00:00,1117.8067016684258
2024-03-23 03:00:00,1053.209697197381
2024-03-23 04:00:00,1192.8821040527807
2024-03-23 05:00:00,1199.0272510993768
2024-03-23 06:00:00,1199.4387373066231
2024-03-23 07:00:00,1181.529611665147
2024-03-23 08:00:00,1206.9284623564681
2024-03-23 09:00:00,1169.8471501009953
2024-03-23 10:00:00,1076.8136699652916
2024-03-23 11:00:00,1063.9753776342402
2024-03-23 12:00:00,970.8502979637615
2024-03-23 13:00:00,906.8476460358279
2024-03-23 14:00:00,881.198483262301
2024-03-23 15:00:00,884.4504479341733
2024-03-23 16:00:00,855.3886706043949
2024-03-23 17:00:00,822.2073973451052
2024-03-23 18:00:00,821.75287360544
2024-03-23 19:00:00,822.3001833556351
2024-03-23 20:00:00,807.5504713864237
2024-03-23 21:00:00,871.5363201029087
2024-03-23 22:00:00,924.0122857568304
2024-03-23 23:00:00,970.8649308739028
2024-03-24 00:00:00,1035.6674011442392
2024-03-24 01:00:00,1073.012924436536
2024-03-24 02:00:00,1110.5434462262474
2024-03-24 03:00:00,1173.5258633868023
2024-03-24 04:00:00,1172.409442979416
2024-03-24 05:00:00,1166.728925720982
2024-03-24 06:00:00,1195.107991081687
2024-03-24 07:00:00,1170.8380859136203
2024-03-24 08:00:00,1152.9497325076563
2024-03-24 09:00:00,1137.085796115844
2024-03-24 10:00:00,1076.227402370001
2024-03-24 11:00:00,1042.524963131333
2024-03-24 12:00:00,943.1915599913864
2024-03-24 13:00:00,954.635002200684
2024-03-24 14:00:00,900.0361642608667
2024-03-24 15:00:00,834.0659848306449
2024-03-24 16:00:00,846.5722892960845
2024-03-24 17:00:00,834.9419388709831
2024-03-24 18:00:00,751.7732040689308
2024-03-24 19:00:00,783.9330913851999
2024-03-24 20:00:00,803.7206487494933
2024-03-24 21:00:00,830.3815507294246
2024-03-24 22:00:00,924.8842452579523
2024-03-24 23:00:00,942.4214068163116
2024-03-25 00:00:00,992.0645547606816
2024-03-25 01:00:00,991.6479380883015
2024-03-25 02:00:00,1119.0625409062768
2024-03-25 03:00:00,1104.2436043917053
2024-03-25 04:00:00,1175.0030596648776
2024-03-25 05:00:00,1201.5064733965594
2024-03-25 06:00:00,1240.8197578751594
2024-03-25 07:00:00,1153.9205532842402
2024-03-25 08:00:00,1082.619716082263
2024-03-25 09:00:00,1146.9368425799203
2024-03-25 10:00:00,1154.0153354453257
2024-03-25 11:00:00,1088.9321996086874
2024-03-25 12:00:00,1006.2897824582387
2024-03-25 13:00:00,933.4871054105345
2024-03-25 14:00:00,924.2136778991193
2024-03-25 15:00:00,829.3722577715565
2024-03-25 16:00:00,841.0856523237989
2024-03-25 17:00:00,821.9789395171852
2024-03-25 18:00:00,831.8062972249664
2024-03-25 19:00:00,889.6046359095187
2024-03-25 20:00:00,838.5673982584754
2024-03-25 21:00:00,843.3097349914656
2024-03-25 22:00:00,899.2327706342401
2024-03-25 23:00:00,895.1639138328221
2024-03-26 00:00:00,979.1586060673283
2024-03-26 01:00:00,1039.485335877111
2024-03-26 02:00:00,1084.2773480619621
2024-03-26 03:00:00,1145.9920023983211
2024-03-26 04:00:00,1148.5324827854217
2024-03-26 05:00:00,1226.8160852775477
2024-03-26 06:00:00,1200.0062119475458
2024-03-26 07:00:00,1192.906155623655
2024-03-26 08:00:00,1163.3682392615003
2024-03-26 09:00:00,1146.077076753079
2024-03-26 10:00:00,1124.7529479400291
2024-03-26 11:00:00,1025.749902549177
2024-03-26 12:00:00,980.2565053277423
2024-03-26 13:00:00,939.1244101161959
2024-03-26 14:00:00,859.6238722958035
2024-03-26 15:00:00,834.0009079710456
2024-03-26 16:00:00,812.5082930367726
2024-03-26 17:00:00,833.0465101635682
2024-03-26 18:00:00,807.8768398700578
2024-03-26 19:00:00,812.6225320832127
2024-03-26 20:00:00,852.3218581081514
2024-03-26 21:00:00,854.4574901107086
2024-03-26 22:00:00,911.7139454978666
2024-03-26 23:00:00,945.1395383915208
2024-03-27 00:00:00,1007.9608704819889
2024-03-27 01:00:00,1034.2810492921567
2024-03-27 02:00:00,1026.835485251707
2024-03-27 03:00:00,1137.3929813717205
2024-03-27 04:00:00,1215.887524839886
2024-03-27 05:00:00,1220.9716273250615
2024-03-27 06:00:00,1228.961924537735
2024-03-27 07:00:00,1230.2690869120001
2024-03-27 08:00:00,1175.864808485731
2024-03-27 09:00:00,1147.3408274594774
2024-03-27 10:00:00,1081.4704431369696
2024-03-27 11:00:00,1042.2816233396927
2024-03-27 12:00:00,1018.4731344931342
2024-03-27 13:00:00,984.3527240945604
2024-03-27 14:00:00,895.81661172957
2024-03-27 15:00:00,845.0729658171482
2024-03-27 16:00:00,826.8107580088102
2024-03-27 17:00:00,824.8510372100598
2024-03-27 18:00:00,756.6843555159937
2024-03-27 19:00:00,737.9294061480692
2024-03-27 20:00:00,810.2788137583648
2024-03-27 21:00:00,821.9572709852657
2024-03-27 22:00:00,884.7557940705806
2024-03-27 23:00:00,943.8027814149715
2024-03-28 00:00:00,986.4025477293096
2024-03-28 01:00:00,1095.3378350546266
2024-03-28 02:00:00,1109.8023429380696
2024-03-28 03:00:00,1150.4355870256343
2024-03-28 04:00:00,1191.8712950781899
2024-03-28 05:00:00,1159.0201717243906
2024-03-28 06:00:00,1231.1733536226081
2024-03-28 07:00:00,1190.9122366617498
2024-03-28 08:00:00,1193.3194992741242
2024-03-28 09:00:00,1109.265639246105
2024-03-28 10:00:00,1053.3872370195181
2024-03-28 11:00:00,1076.300498761255
2024-03-28 12:00:00,1011.2922857829255
2024-03-28 13:00:00,921.1746443487706
2024-03-28 14:00:00,873.9101075617592
2024-03-28 15:00:00,892.3416872951337
2024-03-28 16:00:00,791.1125624570925
2024-03-28 17:00:00,856.0950233398653
2024-03-28 18:00:00,772.9813779605639
2024-03-28 19:00:00,825.9665925104379
2024-03-28 20:00:00,816.9363649706428
2024-03-28 21:00:00,876.6742666951608
2024-03-28 22:00:00,883.6765799365741
2024-03-28 23:00:00,943.3524037973268
2024-03-29 00:00:00,1001.2275752618716
2024-03-29 01:00:00,1021.69818534706
2024-03-29 02:00:00,1122.2247303626039
2024-03-29 03:00:00,1126.024949243162
2024-03-29 04:00:00,1166.3470832966873
2024-03-29 05:00:00,1163.3546840195584
2024-03-29 06:00:00,1123.1299902361407
2024-03-29 07:00:00,1187.4543323798086
2024-03-29 08:00:00,1245.5835434052753
2024-03-29 09:00:00,1164.9594848742502
2024-03-29 10:00:00,1099.422188607968
2024-03-29 11:00:00,1043.877084144256
2024-03-29 12:00:00,1000.6739767843613
2024-03-29 13:00:00,964.6497644347521
2024-03-29 14:00:00,864.5756155407347
2024-03-29 15:00:00,892.0082946027568
2024-03-29 16:00:00,848.2563587063496
2024-03-29 17:00:00,828.3604065134244
2024-03-29 18:00:00,813.1542721642918
2024-03-29 19:00:00,807.403334473006
2024-03-29 20:00:00,846.9807563221169
2024-03-29 21:00:00,876.3330677749318
2024-03-29 22:00:00,889.3787786717692
2024-03-29 23:00:00,931.0281377925886
2024-03-30 00:00:00,1003.0556888578596
2024-03-30 01:00:00,1098.2344135653598
2024-03-30 02:00:00,1062.8267877303829
2024-03-30 03:00:00,1097.3955982647362
2024-03-30 04:00:00,1178.1479059939834
2024-03-30 05:00:00,1194.7117963134942
2024-03-30 06:00:00,1205.2002499311122
2024-03-30 07:00:00,1200.5037611950686
2024-03-30 08:00:00,1166.5090131178436
2024-03-30 09:00:00,1186.117259395372
2024-03-30 10:00:00,1051.9728806457044
2024-03-30 11:00:00,1026.9088982770968
2024-03-30 12:00:00,996.9023571955286
2024-03-30 13:00:00,898.9405266448708
2024-03-30 14:00:00,894.7243678670378
2024-03-30 15:00:00,908.4227487345312
2024-03-30 16:00:00,827.4215138919911
2024-03-30 17:00:00,813.7358619137468
2024-03-30 18:00:00,762.1950570448225
2024-03-30 19:00:00,788.3239925010021
2024-03-30 20:00:00,815.5390278333942
2024-03-30 21:00:00,849.0471908600034
2024-03-30 22:00:00,938.449313850113
2024-03-30 23:00:00,964.9669228012493
2024-03-31 00:00:00,966.656261291889
2024-03-31 01:00:00,1059.1589523734642
2024-03-31 02:00:00,1114.9466524549036
2024-03-31 03:00:00,1175.6258273929475
2024-03-31 04:00:00,1220.621301353939
2024-03-31 05:00:00,1162.7323395029775
2024-03-31 06:00:00,1175.6742746636899
2024-03-31 07:00:00,1155.4578294903752
2024-03-31 08:00:00,1166.1844849836784
2024-03-31 09:00:00,1155.4121074706995
2024-03-31 10:00:00,1129.6200354976731
2024-03-31 11:00:00,1049.4852783112285
2024-03-31 12:00:00,990.4045743023547
2024-03-31 13:00:00,952.788930746958
2024-03-31 14:00:00,874.9457129510993
2024-03-31 15:00:00,921.2648054135338
2024-03-31 16:00:00,778.5650884295706
2024-03-31 17:00:00,812.357052109058
2024-03-31 18:00:00,860.7081865768891
2024-03-31 19:00:00,807.0188300789863
2024-03-31 20:00:00,821.0937481930674
2024-03-31 21:00:00,847.8552810783776
2024-03-31 22:00:00,894.5882495471277
2024-03-31 23:00:00,989.4216452197916
